Year,Measure,State,Value
2020,Drug Deaths,AK,21.5
2020,Drug Deaths,AL,21.3
2020,Drug Deaths,US,27.9
2020,Drug Deaths,AR,18.5
2020,Drug Deaths,AZ,35.1
2020,Drug Deaths,CA,22.4
2020,Drug Deaths,CO,24.8
2020,Drug Deaths,CT,38.5
2020,Drug Deaths,DC,67.5
2020,Drug Deaths,DE,46
2020,Drug Deaths,FL,34
2020,Drug Deaths,GA,17.8
2020,Drug Deaths,HI,19.6
2020,Drug Deaths,IA,14.2
2020,Drug Deaths,ID,16.3
2020,Drug Deaths,IL,28
2020,Drug Deaths,IN,35.2
2020,Drug Deaths,KS,17.4
2020,Drug Deaths,KY,47.3
2020,Drug Deaths,LA,41.2
2020,Drug Deaths,MA,32.8
2020,Drug Deaths,MD,45
2020,Drug Deaths,ME,37.6
2020,Drug Deaths,MI,28.1
2020,Drug Deaths,MN,18.8
2020,Drug Deaths,MO,31.1
2020,Drug Deaths,MS,20.3
2020,Drug Deaths,MT,15.4
2020,Drug Deaths,NC,29.8
2020,Drug Deaths,ND,14.7
2020,Drug Deaths,NE,11.4
2020,Drug Deaths,NH,28.9
2020,Drug Deaths,NJ,31.7
2020,Drug Deaths,NM,38.3
2020,Drug Deaths,NV,26.4
2020,Drug Deaths,NY,25.3
2020,Drug Deaths,OH,45.4
2020,Drug Deaths,OK,19.8
2020,Drug Deaths,OR,18.6
2020,Drug Deaths,PA,41
2020,Drug Deaths,RI,37.2
2020,Drug Deaths,SC,34
2020,Drug Deaths,SD,9.8
2020,Drug Deaths,TN,44.1
2020,Drug Deaths,TX,14.3
2020,Drug Deaths,UT,20.5
2020,Drug Deaths,VA,25.7
2020,Drug Deaths,VT,31.7
2020,Drug Deaths,WA,22.2
2020,Drug Deaths,WI,26.9
2020,Drug Deaths,WV,77.4
2020,Drug Deaths,WY,17.2
2020,Drug Deaths - Ages 15-24,AK,23.1
2020,Drug Deaths - Ages 15-24,AL,12.8
2020,Drug Deaths - Ages 15-24,US,16.7
2020,Drug Deaths - Ages 15-24,AR,10.5
2020,Drug Deaths - Ages 15-24,AZ,37.6
2020,Drug Deaths - Ages 15-24,CA,19.4
2020,Drug Deaths - Ages 15-24,CO,22.6
2020,Drug Deaths - Ages 15-24,CT,17.3
2020,Drug Deaths - Ages 15-24,DC,
2020,Drug Deaths - Ages 15-24,DE,18.6
2020,Drug Deaths - Ages 15-24,FL,15.9
2020,Drug Deaths - Ages 15-24,GA,9.8
2020,Drug Deaths - Ages 15-24,HI,
2020,Drug Deaths - Ages 15-24,IA,8.2
2020,Drug Deaths - Ages 15-24,ID,
2020,Drug Deaths - Ages 15-24,IL,15.9
2020,Drug Deaths - Ages 15-24,IN,21.4
2020,Drug Deaths - Ages 15-24,KS,15.3
2020,Drug Deaths - Ages 15-24,KY,23
2020,Drug Deaths - Ages 15-24,LA,15.3
2020,Drug Deaths - Ages 15-24,MA,12.1
2020,Drug Deaths - Ages 15-24,MD,20.1
2020,Drug Deaths - Ages 15-24,ME,21.8
2020,Drug Deaths - Ages 15-24,MI,13.7
2020,Drug Deaths - Ages 15-24,MN,18.2
2020,Drug Deaths - Ages 15-24,MO,21.2
2020,Drug Deaths - Ages 15-24,MS,10.3
2020,Drug Deaths - Ages 15-24,MT,
2020,Drug Deaths - Ages 15-24,NC,19.7
2020,Drug Deaths - Ages 15-24,ND,25.3
2020,Drug Deaths - Ages 15-24,NE,9.7
2020,Drug Deaths - Ages 15-24,NH,13.5
2020,Drug Deaths - Ages 15-24,NJ,14.1
2020,Drug Deaths - Ages 15-24,NM,20
2020,Drug Deaths - Ages 15-24,NV,28.7
2020,Drug Deaths - Ages 15-24,NY,13.5
2020,Drug Deaths - Ages 15-24,OH,23.3
2020,Drug Deaths - Ages 15-24,OK,9.6
2020,Drug Deaths - Ages 15-24,OR,14.9
2020,Drug Deaths - Ages 15-24,PA,18.2
2020,Drug Deaths - Ages 15-24,RI,16.7
2020,Drug Deaths - Ages 15-24,SC,20.5
2020,Drug Deaths - Ages 15-24,SD,
2020,Drug Deaths - Ages 15-24,TN,25.4
2020,Drug Deaths - Ages 15-24,TX,10.2
2020,Drug Deaths - Ages 15-24,UT,8.9
2020,Drug Deaths - Ages 15-24,VA,16.8
2020,Drug Deaths - Ages 15-24,VT,
2020,Drug Deaths - Ages 15-24,WA,18.8
2020,Drug Deaths - Ages 15-24,WI,12.9
2020,Drug Deaths - Ages 15-24,WV,21.8
2020,Drug Deaths - Ages 15-24,WY,
2020,Drug Deaths - Ages 25-34,WV,147.2
2020,Drug Deaths - Ages 25-34,AK,31.8
2020,Drug Deaths - Ages 25-34,AL,35.4
2020,Drug Deaths - Ages 25-34,US,47.3
2020,Drug Deaths - Ages 25-34,AR,31.3
2020,Drug Deaths - Ages 25-34,AZ,65.3
2020,Drug Deaths - Ages 25-34,CA,31
2020,Drug Deaths - Ages 25-34,CO,41
2020,Drug Deaths - Ages 25-34,CT,66.2
2020,Drug Deaths - Ages 25-34,DC,30.4
2020,Drug Deaths - Ages 25-34,DE,74
2020,Drug Deaths - Ages 25-34,FL,62.4
2020,Drug Deaths - Ages 25-34,GA,29.3
2020,Drug Deaths - Ages 25-34,HI,11.2
2020,Drug Deaths - Ages 25-34,IA,24.1
2020,Drug Deaths - Ages 25-34,ID,23.2
2020,Drug Deaths - Ages 25-34,IL,41.7
2020,Drug Deaths - Ages 25-34,IN,73.9
2020,Drug Deaths - Ages 25-34,KS,28.8
2020,Drug Deaths - Ages 25-34,KY,84.6
2020,Drug Deaths - Ages 25-34,LA,70.9
2020,Drug Deaths - Ages 25-34,MA,54.4
2020,Drug Deaths - Ages 25-34,MD,75.4
2020,Drug Deaths - Ages 25-34,ME,57.2
2020,Drug Deaths - Ages 25-34,MI,48
2020,Drug Deaths - Ages 25-34,MN,37
2020,Drug Deaths - Ages 25-34,MO,61.2
2020,Drug Deaths - Ages 25-34,MS,38.8
2020,Drug Deaths - Ages 25-34,MT,20.6
2020,Drug Deaths - Ages 25-34,NC,61
2020,Drug Deaths - Ages 25-34,ND,33.5
2020,Drug Deaths - Ages 25-34,NE,18.5
2020,Drug Deaths - Ages 25-34,NH,56.4
2020,Drug Deaths - Ages 25-34,NJ,59.9
2020,Drug Deaths - Ages 25-34,NM,73.3
2020,Drug Deaths - Ages 25-34,NV,36.6
2020,Drug Deaths - Ages 25-34,NY,40.2
2020,Drug Deaths - Ages 25-34,OH,87.9
2020,Drug Deaths - Ages 25-34,OK,26.4
2020,Drug Deaths - Ages 25-34,OR,27.5
2020,Drug Deaths - Ages 25-34,PA,74.7
2020,Drug Deaths - Ages 25-34,RI,61.9
2020,Drug Deaths - Ages 25-34,SC,59.5
2020,Drug Deaths - Ages 25-34,SD,
2020,Drug Deaths - Ages 25-34,TN,77.4
2020,Drug Deaths - Ages 25-34,TX,23.5
2020,Drug Deaths - Ages 25-34,UT,26.7
2020,Drug Deaths - Ages 25-34,VA,46.3
2020,Drug Deaths - Ages 25-34,VT,73.1
2020,Drug Deaths - Ages 25-34,WA,29.8
2020,Drug Deaths - Ages 25-34,WI,55.7
2020,Drug Deaths - Ages 25-34,WY,
2020,Drug Deaths - Ages 35-44,WV,189.1
2020,Drug Deaths - Ages 35-44,AK,39.7
2020,Drug Deaths - Ages 35-44,AL,51
2020,Drug Deaths - Ages 35-44,US,53.9
2020,Drug Deaths - Ages 35-44,AR,41.6
2020,Drug Deaths - Ages 35-44,AZ,58.2
2020,Drug Deaths - Ages 35-44,CA,32.5
2020,Drug Deaths - Ages 35-44,CO,43.1
2020,Drug Deaths - Ages 35-44,CT,79
2020,Drug Deaths - Ages 35-44,DC,47.8
2020,Drug Deaths - Ages 35-44,DE,108.8
2020,Drug Deaths - Ages 35-44,FL,75.5
2020,Drug Deaths - Ages 35-44,GA,36.3
2020,Drug Deaths - Ages 35-44,HI,24.7
2020,Drug Deaths - Ages 35-44,IA,24.1
2020,Drug Deaths - Ages 35-44,ID,26.9
2020,Drug Deaths - Ages 35-44,IL,50
2020,Drug Deaths - Ages 35-44,IN,78.4
2020,Drug Deaths - Ages 35-44,KS,26
2020,Drug Deaths - Ages 35-44,KY,110.4
2020,Drug Deaths - Ages 35-44,LA,97.7
2020,Drug Deaths - Ages 35-44,MA,78.1
2020,Drug Deaths - Ages 35-44,MD,73.2
2020,Drug Deaths - Ages 35-44,ME,96.3
2020,Drug Deaths - Ages 35-44,MI,58.5
2020,Drug Deaths - Ages 35-44,MN,28.9
2020,Drug Deaths - Ages 35-44,MO,63.9
2020,Drug Deaths - Ages 35-44,MS,45.4
2020,Drug Deaths - Ages 35-44,MT,30.7
2020,Drug Deaths - Ages 35-44,NC,63
2020,Drug Deaths - Ages 35-44,ND,27.4
2020,Drug Deaths - Ages 35-44,NE,17.9
2020,Drug Deaths - Ages 35-44,NH,67.1
2020,Drug Deaths - Ages 35-44,NJ,59
2020,Drug Deaths - Ages 35-44,NM,82
2020,Drug Deaths - Ages 35-44,NV,37.1
2020,Drug Deaths - Ages 35-44,NY,47.5
2020,Drug Deaths - Ages 35-44,OH,100.2
2020,Drug Deaths - Ages 35-44,OK,30.6
2020,Drug Deaths - Ages 35-44,OR,30.4
2020,Drug Deaths - Ages 35-44,PA,91.8
2020,Drug Deaths - Ages 35-44,RI,76.5
2020,Drug Deaths - Ages 35-44,SC,69.2
2020,Drug Deaths - Ages 35-44,SD,24
2020,Drug Deaths - Ages 35-44,TN,93.6
2020,Drug Deaths - Ages 35-44,TX,22.4
2020,Drug Deaths - Ages 35-44,UT,41.7
2020,Drug Deaths - Ages 35-44,VA,53.3
2020,Drug Deaths - Ages 35-44,VT,56.7
2020,Drug Deaths - Ages 35-44,WA,33.2
2020,Drug Deaths - Ages 35-44,WI,54.8
2020,Drug Deaths - Ages 35-44,WY,41
2020,Drug Deaths - Ages 45-54,WV,142.5
2020,Drug Deaths - Ages 45-54,AK,35.9
2020,Drug Deaths - Ages 45-54,AL,35.7
2020,Drug Deaths - Ages 45-54,US,46.9
2020,Drug Deaths - Ages 45-54,AR,27.9
2020,Drug Deaths - Ages 45-54,AZ,53.5
2020,Drug Deaths - Ages 45-54,CA,35.5
2020,Drug Deaths - Ages 45-54,CO,36.9
2020,Drug Deaths - Ages 45-54,CT,64.4
2020,Drug Deaths - Ages 45-54,DC,126.9
2020,Drug Deaths - Ages 45-54,DE,72.9
2020,Drug Deaths - Ages 45-54,FL,54.8
2020,Drug Deaths - Ages 45-54,GA,28.3
2020,Drug Deaths - Ages 45-54,HI,44.9
2020,Drug Deaths - Ages 45-54,IA,27.4
2020,Drug Deaths - Ages 45-54,ID,28.2
2020,Drug Deaths - Ages 45-54,IL,52.4
2020,Drug Deaths - Ages 45-54,IN,52.4
2020,Drug Deaths - Ages 45-54,KS,30.3
2020,Drug Deaths - Ages 45-54,KY,77
2020,Drug Deaths - Ages 45-54,LA,68.5
2020,Drug Deaths - Ages 45-54,MA,54.6
2020,Drug Deaths - Ages 45-54,MD,82.1
2020,Drug Deaths - Ages 45-54,ME,66.3
2020,Drug Deaths - Ages 45-54,MI,46.2
2020,Drug Deaths - Ages 45-54,MN,30.7
2020,Drug Deaths - Ages 45-54,MO,47.7
2020,Drug Deaths - Ages 45-54,MS,33.4
2020,Drug Deaths - Ages 45-54,MT,27.3
2020,Drug Deaths - Ages 45-54,NC,45.1
2020,Drug Deaths - Ages 45-54,ND,
2020,Drug Deaths - Ages 45-54,NE,16.8
2020,Drug Deaths - Ages 45-54,NH,47.3
2020,Drug Deaths - Ages 45-54,NJ,55.3
2020,Drug Deaths - Ages 45-54,NM,54.1
2020,Drug Deaths - Ages 45-54,NV,41.6
2020,Drug Deaths - Ages 45-54,NY,44
2020,Drug Deaths - Ages 45-54,OH,75.4
2020,Drug Deaths - Ages 45-54,OK,39.2
2020,Drug Deaths - Ages 45-54,OR,34.2
2020,Drug Deaths - Ages 45-54,PA,69.4
2020,Drug Deaths - Ages 45-54,RI,70.4
2020,Drug Deaths - Ages 45-54,SC,59.9
2020,Drug Deaths - Ages 45-54,SD,
2020,Drug Deaths - Ages 45-54,TN,79.4
2020,Drug Deaths - Ages 45-54,TX,22.6
2020,Drug Deaths - Ages 45-54,UT,34.4
2020,Drug Deaths - Ages 45-54,VA,43.9
2020,Drug Deaths - Ages 45-54,VT,68.6
2020,Drug Deaths - Ages 45-54,WA,41.5
2020,Drug Deaths - Ages 45-54,WI,44.6
2020,Drug Deaths - Ages 45-54,WY,
2020,Drug Deaths - Ages 55-64,WV,76.7
2020,Drug Deaths - Ages 55-64,AK,28.4
2020,Drug Deaths - Ages 55-64,AL,23.3
2020,Drug Deaths - Ages 55-64,US,37.3
2020,Drug Deaths - Ages 55-64,AR,20.5
2020,Drug Deaths - Ages 55-64,AZ,41.1
2020,Drug Deaths - Ages 55-64,CA,38.1
2020,Drug Deaths - Ages 55-64,CO,33.2
2020,Drug Deaths - Ages 55-64,CT,53.4
2020,Drug Deaths - Ages 55-64,DC,222.1
2020,Drug Deaths - Ages 55-64,DE,65.8
2020,Drug Deaths - Ages 55-64,FL,41.9
2020,Drug Deaths - Ages 55-64,GA,23.5
2020,Drug Deaths - Ages 55-64,HI,49.8
2020,Drug Deaths - Ages 55-64,IA,19.2
2020,Drug Deaths - Ages 55-64,ID,26.7
2020,Drug Deaths - Ages 55-64,IL,43.6
2020,Drug Deaths - Ages 55-64,IN,34.6
2020,Drug Deaths - Ages 55-64,KS,25.9
2020,Drug Deaths - Ages 55-64,KY,52.9
2020,Drug Deaths - Ages 55-64,LA,52.5
2020,Drug Deaths - Ages 55-64,MA,40.6
2020,Drug Deaths - Ages 55-64,MD,74.6
2020,Drug Deaths - Ages 55-64,ME,41.3
2020,Drug Deaths - Ages 55-64,MI,36.4
2020,Drug Deaths - Ages 55-64,MN,21
2020,Drug Deaths - Ages 55-64,MO,33.1
2020,Drug Deaths - Ages 55-64,MS,20.9
2020,Drug Deaths - Ages 55-64,MT,21.6
2020,Drug Deaths - Ages 55-64,NC,30.1
2020,Drug Deaths - Ages 55-64,ND,
2020,Drug Deaths - Ages 55-64,NE,20
2020,Drug Deaths - Ages 55-64,NH,27
2020,Drug Deaths - Ages 55-64,NJ,42.1
2020,Drug Deaths - Ages 55-64,NM,48.2
2020,Drug Deaths - Ages 55-64,NV,39.1
2020,Drug Deaths - Ages 55-64,NY,37.4
2020,Drug Deaths - Ages 55-64,OH,48.3
2020,Drug Deaths - Ages 55-64,OK,34.1
2020,Drug Deaths - Ages 55-64,OR,23.3
2020,Drug Deaths - Ages 55-64,PA,47.7
2020,Drug Deaths - Ages 55-64,RI,46.3
2020,Drug Deaths - Ages 55-64,SC,41.3
2020,Drug Deaths - Ages 55-64,SD,
2020,Drug Deaths - Ages 55-64,TN,50.1
2020,Drug Deaths - Ages 55-64,TX,22.6
2020,Drug Deaths - Ages 55-64,UT,31.6
2020,Drug Deaths - Ages 55-64,VA,29.2
2020,Drug Deaths - Ages 55-64,VT,26.7
2020,Drug Deaths - Ages 55-64,WA,34.4
2020,Drug Deaths - Ages 55-64,WI,27.7
2020,Drug Deaths - Ages 55-64,WY,
2020,Drug Deaths - Ages 65-74,WV,20.7
2020,Drug Deaths - Ages 65-74,AK,
2020,Drug Deaths - Ages 65-74,AL,6.2
2020,Drug Deaths - Ages 65-74,US,13.2
2020,Drug Deaths - Ages 65-74,AR,9.7
2020,Drug Deaths - Ages 65-74,AZ,13.1
2020,Drug Deaths - Ages 65-74,CA,17.9
2020,Drug Deaths - Ages 65-74,CO,13.8
2020,Drug Deaths - Ages 65-74,CT,17.6
2020,Drug Deaths - Ages 65-74,DC,104.7
2020,Drug Deaths - Ages 65-74,DE,
2020,Drug Deaths - Ages 65-74,FL,11.1
2020,Drug Deaths - Ages 65-74,GA,9.8
2020,Drug Deaths - Ages 65-74,HI,20
2020,Drug Deaths - Ages 65-74,IA,7.1
2020,Drug Deaths - Ages 65-74,ID,15.1
2020,Drug Deaths - Ages 65-74,IL,13.8
2020,Drug Deaths - Ages 65-74,IN,9.3
2020,Drug Deaths - Ages 65-74,KS,
2020,Drug Deaths - Ages 65-74,KY,16.4
2020,Drug Deaths - Ages 65-74,LA,14
2020,Drug Deaths - Ages 65-74,MA,14.4
2020,Drug Deaths - Ages 65-74,MD,23.9
2020,Drug Deaths - Ages 65-74,ME,
2020,Drug Deaths - Ages 65-74,MI,14.1
2020,Drug Deaths - Ages 65-74,MN,7.6
2020,Drug Deaths - Ages 65-74,MO,11.4
2020,Drug Deaths - Ages 65-74,MS,7.7
2020,Drug Deaths - Ages 65-74,MT,
2020,Drug Deaths - Ages 65-74,NC,9.5
2020,Drug Deaths - Ages 65-74,ND,
2020,Drug Deaths - Ages 65-74,NE,
2020,Drug Deaths - Ages 65-74,NH,
2020,Drug Deaths - Ages 65-74,NJ,15.1
2020,Drug Deaths - Ages 65-74,NM,18.6
2020,Drug Deaths - Ages 65-74,NV,20.2
2020,Drug Deaths - Ages 65-74,NY,14.2
2020,Drug Deaths - Ages 65-74,OH,16.1
2020,Drug Deaths - Ages 65-74,OK,13.4
2020,Drug Deaths - Ages 65-74,OR,14
2020,Drug Deaths - Ages 65-74,PA,14.9
2020,Drug Deaths - Ages 65-74,RI,
2020,Drug Deaths - Ages 65-74,SC,12.1
2020,Drug Deaths - Ages 65-74,SD,
2020,Drug Deaths - Ages 65-74,TN,14.8
2020,Drug Deaths - Ages 65-74,TX,9.1
2020,Drug Deaths - Ages 65-74,UT,14.3
2020,Drug Deaths - Ages 65-74,VA,8.7
2020,Drug Deaths - Ages 65-74,VT,
2020,Drug Deaths - Ages 65-74,WA,13.4
2020,Drug Deaths - Ages 65-74,WI,10.2
2020,Drug Deaths - Ages 65-74,WY,
2020,Drug Deaths - American Indian/Alaska Native,WV,
2020,Drug Deaths - American Indian/Alaska Native,AK,39.6
2020,Drug Deaths - American Indian/Alaska Native,AL,
2020,Drug Deaths - American Indian/Alaska Native,US,40.7
2020,Drug Deaths - American Indian/Alaska Native,AR,
2020,Drug Deaths - American Indian/Alaska Native,AZ,42.6
2020,Drug Deaths - American Indian/Alaska Native,CA,48
2020,Drug Deaths - American Indian/Alaska Native,CO,
2020,Drug Deaths - American Indian/Alaska Native,CT,
2020,Drug Deaths - American Indian/Alaska Native,DC,
2020,Drug Deaths - American Indian/Alaska Native,DE,
2020,Drug Deaths - American Indian/Alaska Native,FL,
2020,Drug Deaths - American Indian/Alaska Native,GA,
2020,Drug Deaths - American Indian/Alaska Native,HI,
2020,Drug Deaths - American Indian/Alaska Native,IA,
2020,Drug Deaths - American Indian/Alaska Native,ID,
2020,Drug Deaths - American Indian/Alaska Native,IL,
2020,Drug Deaths - American Indian/Alaska Native,IN,
2020,Drug Deaths - American Indian/Alaska Native,KS,
2020,Drug Deaths - American Indian/Alaska Native,KY,
2020,Drug Deaths - American Indian/Alaska Native,LA,
2020,Drug Deaths - American Indian/Alaska Native,MA,
2020,Drug Deaths - American Indian/Alaska Native,MD,
2020,Drug Deaths - American Indian/Alaska Native,ME,
2020,Drug Deaths - American Indian/Alaska Native,MI,
2020,Drug Deaths - American Indian/Alaska Native,MN,168.2
2020,Drug Deaths - American Indian/Alaska Native,MO,
2020,Drug Deaths - American Indian/Alaska Native,MS,
2020,Drug Deaths - American Indian/Alaska Native,MT,42.3
2020,Drug Deaths - American Indian/Alaska Native,NC,78.7
2020,Drug Deaths - American Indian/Alaska Native,ND,61.3
2020,Drug Deaths - American Indian/Alaska Native,NE,
2020,Drug Deaths - American Indian/Alaska Native,NH,
2020,Drug Deaths - American Indian/Alaska Native,NJ,
2020,Drug Deaths - American Indian/Alaska Native,NM,30.5
2020,Drug Deaths - American Indian/Alaska Native,NV,
2020,Drug Deaths - American Indian/Alaska Native,NY,
2020,Drug Deaths - American Indian/Alaska Native,OH,
2020,Drug Deaths - American Indian/Alaska Native,OK,23
2020,Drug Deaths - American Indian/Alaska Native,OR,
2020,Drug Deaths - American Indian/Alaska Native,PA,
2020,Drug Deaths - American Indian/Alaska Native,RI,
2020,Drug Deaths - American Indian/Alaska Native,SC,
2020,Drug Deaths - American Indian/Alaska Native,SD,30.7
2020,Drug Deaths - American Indian/Alaska Native,TN,
2020,Drug Deaths - American Indian/Alaska Native,TX,
2020,Drug Deaths - American Indian/Alaska Native,UT,
2020,Drug Deaths - American Indian/Alaska Native,VA,
2020,Drug Deaths - American Indian/Alaska Native,VT,
2020,Drug Deaths - American Indian/Alaska Native,WA,80.4
2020,Drug Deaths - American Indian/Alaska Native,WI,84.2
2020,Drug Deaths - American Indian/Alaska Native,WY,
2020,Drug Deaths - Asian,WV,
2020,Drug Deaths - Asian,AK,
2020,Drug Deaths - Asian,AL,
2020,Drug Deaths - Asian,US,4.5
2020,Drug Deaths - Asian,AR,
2020,Drug Deaths - Asian,AZ,
2020,Drug Deaths - Asian,CA,4.6
2020,Drug Deaths - Asian,CO,
2020,Drug Deaths - Asian,CT,
2020,Drug Deaths - Asian,DC,
2020,Drug Deaths - Asian,DE,
2020,Drug Deaths - Asian,FL,6.1
2020,Drug Deaths - Asian,GA,
2020,Drug Deaths - Asian,HI,9.3
2020,Drug Deaths - Asian,IA,
2020,Drug Deaths - Asian,ID,
2020,Drug Deaths - Asian,IL,4.4
2020,Drug Deaths - Asian,IN,
2020,Drug Deaths - Asian,KS,
2020,Drug Deaths - Asian,KY,
2020,Drug Deaths - Asian,LA,
2020,Drug Deaths - Asian,MA,3.4
2020,Drug Deaths - Asian,MD,5
2020,Drug Deaths - Asian,ME,
2020,Drug Deaths - Asian,MI,
2020,Drug Deaths - Asian,MN,
2020,Drug Deaths - Asian,MO,
2020,Drug Deaths - Asian,MS,
2020,Drug Deaths - Asian,MT,
2020,Drug Deaths - Asian,NC,
2020,Drug Deaths - Asian,ND,
2020,Drug Deaths - Asian,NE,
2020,Drug Deaths - Asian,NH,
2020,Drug Deaths - Asian,NJ,3.8
2020,Drug Deaths - Asian,NM,
2020,Drug Deaths - Asian,NV,
2020,Drug Deaths - Asian,NY,3.4
2020,Drug Deaths - Asian,OH,6.8
2020,Drug Deaths - Asian,OK,
2020,Drug Deaths - Asian,OR,
2020,Drug Deaths - Asian,PA,5.6
2020,Drug Deaths - Asian,RI,
2020,Drug Deaths - Asian,SC,
2020,Drug Deaths - Asian,SD,
2020,Drug Deaths - Asian,TN,
2020,Drug Deaths - Asian,TX,4.1
2020,Drug Deaths - Asian,UT,
2020,Drug Deaths - Asian,VA,3.3
2020,Drug Deaths - Asian,VT,
2020,Drug Deaths - Asian,WA,4.6
2020,Drug Deaths - Asian,WI,
2020,Drug Deaths - Asian,WY,
2020,Drug Deaths - Black,WV,110.8
2020,Drug Deaths - Black,AK,
2020,Drug Deaths - Black,AL,18.5
2020,Drug Deaths - Black,US,37.1
2020,Drug Deaths - Black,AR,14.5
2020,Drug Deaths - Black,AZ,50.7
2020,Drug Deaths - Black,CA,43.9
2020,Drug Deaths - Black,CO,43.1
2020,Drug Deaths - Black,CT,46.4
2020,Drug Deaths - Black,DC,124.1
2020,Drug Deaths - Black,DE,42.2
2020,Drug Deaths - Black,FL,22.3
2020,Drug Deaths - Black,GA,13.3
2020,Drug Deaths - Black,HI,
2020,Drug Deaths - Black,IA,27.8
2020,Drug Deaths - Black,ID,
2020,Drug Deaths - Black,IL,68.8
2020,Drug Deaths - Black,IN,47.2
2020,Drug Deaths - Black,KS,28.1
2020,Drug Deaths - Black,KY,47.3
2020,Drug Deaths - Black,LA,38.4
2020,Drug Deaths - Black,MA,41.8
2020,Drug Deaths - Black,MD,56.3
2020,Drug Deaths - Black,ME,
2020,Drug Deaths - Black,MI,47.7
2020,Drug Deaths - Black,MN,53.7
2020,Drug Deaths - Black,MO,70.5
2020,Drug Deaths - Black,MS,10
2020,Drug Deaths - Black,MT,
2020,Drug Deaths - Black,NC,26.3
2020,Drug Deaths - Black,ND,
2020,Drug Deaths - Black,NE,23.2
2020,Drug Deaths - Black,NH,
2020,Drug Deaths - Black,NJ,51.1
2020,Drug Deaths - Black,NM,77.9
2020,Drug Deaths - Black,NV,38.9
2020,Drug Deaths - Black,NY,33.8
2020,Drug Deaths - Black,OH,58.2
2020,Drug Deaths - Black,OK,29.8
2020,Drug Deaths - Black,OR,37
2020,Drug Deaths - Black,PA,69.9
2020,Drug Deaths - Black,RI,46.2
2020,Drug Deaths - Black,SC,21.7
2020,Drug Deaths - Black,SD,
2020,Drug Deaths - Black,TN,46.6
2020,Drug Deaths - Black,TX,19.9
2020,Drug Deaths - Black,UT,
2020,Drug Deaths - Black,VA,32.8
2020,Drug Deaths - Black,VT,
2020,Drug Deaths - Black,WA,40.2
2020,Drug Deaths - Black,WI,66
2020,Drug Deaths - Black,WY,
2020,Drug Deaths - Female,AK,15.8
2020,Drug Deaths - Female,AL,13.9
2020,Drug Deaths - Female,US,16.9
2020,Drug Deaths - Female,AR,15.1
2020,Drug Deaths - Female,AZ,19.8
2020,Drug Deaths - Female,CA,11.6
2020,Drug Deaths - Female,CO,16.2
2020,Drug Deaths - Female,CT,19.7
2020,Drug Deaths - Female,DC,38.1
2020,Drug Deaths - Female,DE,29.2
2020,Drug Deaths - Female,FL,19.9
2020,Drug Deaths - Female,GA,12
2020,Drug Deaths - Female,HI,11.1
2020,Drug Deaths - Female,IA,10.5
2020,Drug Deaths - Female,ID,13.7
2020,Drug Deaths - Female,IL,15.2
2020,Drug Deaths - Female,IN,22.1
2020,Drug Deaths - Female,KS,12.6
2020,Drug Deaths - Female,KY,29
2020,Drug Deaths - Female,LA,25.4
2020,Drug Deaths - Female,MA,18.2
2020,Drug Deaths - Female,MD,25.1
2020,Drug Deaths - Female,ME,21.5
2020,Drug Deaths - Female,MI,18.3
2020,Drug Deaths - Female,MN,12.9
2020,Drug Deaths - Female,MO,19.9
2020,Drug Deaths - Female,MS,13.7
2020,Drug Deaths - Female,MT,10.3
2020,Drug Deaths - Female,NC,18.3
2020,Drug Deaths - Female,ND,10
2020,Drug Deaths - Female,NE,9.3
2020,Drug Deaths - Female,NH,17.2
2020,Drug Deaths - Female,NJ,16.6
2020,Drug Deaths - Female,NM,24.3
2020,Drug Deaths - Female,NV,17.8
2020,Drug Deaths - Female,NY,13.7
2020,Drug Deaths - Female,OH,29.3
2020,Drug Deaths - Female,OK,14.8
2020,Drug Deaths - Female,OR,12.6
2020,Drug Deaths - Female,PA,25.4
2020,Drug Deaths - Female,RI,19.6
2020,Drug Deaths - Female,SC,21.6
2020,Drug Deaths - Female,SD,7.6
2020,Drug Deaths - Female,TN,29.4
2020,Drug Deaths - Female,TX,8.9
2020,Drug Deaths - Female,UT,16.4
2020,Drug Deaths - Female,VA,16.5
2020,Drug Deaths - Female,VT,20.1
2020,Drug Deaths - Female,WA,14.5
2020,Drug Deaths - Female,WI,17.5
2020,Drug Deaths - Female,WY,9.9
2020,Drug Deaths - Female,WV,46.9
2020,Drug Deaths - Hawaiian/Pacific Islander,WV,
2020,Drug Deaths - Hawaiian/Pacific Islander,AK,
2020,Drug Deaths - Hawaiian/Pacific Islander,AL,
2020,Drug Deaths - Hawaiian/Pacific Islander,US,13.3
2020,Drug Deaths - Hawaiian/Pacific Islander,AR,
2020,Drug Deaths - Hawaiian/Pacific Islander,AZ,
2020,Drug Deaths - Hawaiian/Pacific Islander,CA,15.9
2020,Drug Deaths - Hawaiian/Pacific Islander,CO,
2020,Drug Deaths - Hawaiian/Pacific Islander,CT,
2020,Drug Deaths - Hawaiian/Pacific Islander,DC,
2020,Drug Deaths - Hawaiian/Pacific Islander,DE,
2020,Drug Deaths - Hawaiian/Pacific Islander,FL,
2020,Drug Deaths - Hawaiian/Pacific Islander,GA,
2020,Drug Deaths - Hawaiian/Pacific Islander,HI,15.5
2020,Drug Deaths - Hawaiian/Pacific Islander,IA,
2020,Drug Deaths - Hawaiian/Pacific Islander,ID,
2020,Drug Deaths - Hawaiian/Pacific Islander,IL,
2020,Drug Deaths - Hawaiian/Pacific Islander,IN,
2020,Drug Deaths - Hawaiian/Pacific Islander,KS,
2020,Drug Deaths - Hawaiian/Pacific Islander,KY,
2020,Drug Deaths - Hawaiian/Pacific Islander,LA,
2020,Drug Deaths - Hawaiian/Pacific Islander,MA,
2020,Drug Deaths - Hawaiian/Pacific Islander,MD,
2020,Drug Deaths - Hawaiian/Pacific Islander,ME,
2020,Drug Deaths - Hawaiian/Pacific Islander,MI,
2020,Drug Deaths - Hawaiian/Pacific Islander,MN,
2020,Drug Deaths - Hawaiian/Pacific Islander,MO,
2020,Drug Deaths - Hawaiian/Pacific Islander,MS,
2020,Drug Deaths - Hawaiian/Pacific Islander,MT,
2020,Drug Deaths - Hawaiian/Pacific Islander,NC,
2020,Drug Deaths - Hawaiian/Pacific Islander,ND,
2020,Drug Deaths - Hawaiian/Pacific Islander,NE,
2020,Drug Deaths - Hawaiian/Pacific Islander,NH,
2020,Drug Deaths - Hawaiian/Pacific Islander,NJ,
2020,Drug Deaths - Hawaiian/Pacific Islander,NM,
2020,Drug Deaths - Hawaiian/Pacific Islander,NV,
2020,Drug Deaths - Hawaiian/Pacific Islander,NY,
2020,Drug Deaths - Hawaiian/Pacific Islander,OH,
2020,Drug Deaths - Hawaiian/Pacific Islander,OK,
2020,Drug Deaths - Hawaiian/Pacific Islander,OR,
2020,Drug Deaths - Hawaiian/Pacific Islander,PA,
2020,Drug Deaths - Hawaiian/Pacific Islander,RI,
2020,Drug Deaths - Hawaiian/Pacific Islander,SC,
2020,Drug Deaths - Hawaiian/Pacific Islander,SD,
2020,Drug Deaths - Hawaiian/Pacific Islander,TN,
2020,Drug Deaths - Hawaiian/Pacific Islander,TX,
2020,Drug Deaths - Hawaiian/Pacific Islander,UT,
2020,Drug Deaths - Hawaiian/Pacific Islander,VA,
2020,Drug Deaths - Hawaiian/Pacific Islander,VT,
2020,Drug Deaths - Hawaiian/Pacific Islander,WA,
2020,Drug Deaths - Hawaiian/Pacific Islander,WI,
2020,Drug Deaths - Hawaiian/Pacific Islander,WY,
2020,Drug Deaths - Hispanic,WV,
2020,Drug Deaths - Hispanic,AK,
2020,Drug Deaths - Hispanic,AL,
2020,Drug Deaths - Hispanic,US,17.5
2020,Drug Deaths - Hispanic,AR,
2020,Drug Deaths - Hispanic,AZ,30.7
2020,Drug Deaths - Hispanic,CA,16.9
2020,Drug Deaths - Hispanic,CO,28.2
2020,Drug Deaths - Hispanic,CT,37.5
2020,Drug Deaths - Hispanic,DC,
2020,Drug Deaths - Hispanic,DE,24.6
2020,Drug Deaths - Hispanic,FL,15
2020,Drug Deaths - Hispanic,GA,5
2020,Drug Deaths - Hispanic,HI,23.1
2020,Drug Deaths - Hispanic,IA,
2020,Drug Deaths - Hispanic,ID,
2020,Drug Deaths - Hispanic,IL,19.1
2020,Drug Deaths - Hispanic,IN,13.8
2020,Drug Deaths - Hispanic,KS,11.4
2020,Drug Deaths - Hispanic,KY,18.2
2020,Drug Deaths - Hispanic,LA,13.4
2020,Drug Deaths - Hispanic,MA,37.1
2020,Drug Deaths - Hispanic,MD,15.5
2020,Drug Deaths - Hispanic,ME,
2020,Drug Deaths - Hispanic,MI,26.5
2020,Drug Deaths - Hispanic,MN,13.8
2020,Drug Deaths - Hispanic,MO,12.4
2020,Drug Deaths - Hispanic,MS,
2020,Drug Deaths - Hispanic,MT,
2020,Drug Deaths - Hispanic,NC,10.4
2020,Drug Deaths - Hispanic,ND,
2020,Drug Deaths - Hispanic,NE,
2020,Drug Deaths - Hispanic,NH,
2020,Drug Deaths - Hispanic,NJ,23.2
2020,Drug Deaths - Hispanic,NM,41
2020,Drug Deaths - Hispanic,NV,14.3
2020,Drug Deaths - Hispanic,NY,24.3
2020,Drug Deaths - Hispanic,OH,35.3
2020,Drug Deaths - Hispanic,OK,8.3
2020,Drug Deaths - Hispanic,OR,12
2020,Drug Deaths - Hispanic,PA,41.9
2020,Drug Deaths - Hispanic,RI,29
2020,Drug Deaths - Hispanic,SC,11
2020,Drug Deaths - Hispanic,SD,
2020,Drug Deaths - Hispanic,TN,20.2
2020,Drug Deaths - Hispanic,TX,9.3
2020,Drug Deaths - Hispanic,UT,15.7
2020,Drug Deaths - Hispanic,VA,10.5
2020,Drug Deaths - Hispanic,VT,
2020,Drug Deaths - Hispanic,WA,14.8
2020,Drug Deaths - Hispanic,WI,23.8
2020,Drug Deaths - Hispanic,WY,
2020,Drug Deaths - Male,AK,26.8
2020,Drug Deaths - Male,AL,29.2
2020,Drug Deaths - Male,US,38.9
2020,Drug Deaths - Male,AR,21.9
2020,Drug Deaths - Male,AZ,50.1
2020,Drug Deaths - Male,CA,33.2
2020,Drug Deaths - Male,CO,32.9
2020,Drug Deaths - Male,CT,57.9
2020,Drug Deaths - Male,DC,101.1
2020,Drug Deaths - Male,DE,63.9
2020,Drug Deaths - Male,FL,48.3
2020,Drug Deaths - Male,GA,23.8
2020,Drug Deaths - Male,HI,28.3
2020,Drug Deaths - Male,IA,17.8
2020,Drug Deaths - Male,ID,18.9
2020,Drug Deaths - Male,IL,41
2020,Drug Deaths - Male,IN,48.2
2020,Drug Deaths - Male,KS,22.1
2020,Drug Deaths - Male,KY,65.7
2020,Drug Deaths - Male,LA,57.8
2020,Drug Deaths - Male,MA,47.9
2020,Drug Deaths - Male,MD,66.3
2020,Drug Deaths - Male,ME,53.9
2020,Drug Deaths - Male,MI,38
2020,Drug Deaths - Male,MN,24.6
2020,Drug Deaths - Male,MO,42.6
2020,Drug Deaths - Male,MS,27.2
2020,Drug Deaths - Male,MT,20.3
2020,Drug Deaths - Male,NC,41.8
2020,Drug Deaths - Male,ND,18.9
2020,Drug Deaths - Male,NE,13.5
2020,Drug Deaths - Male,NH,40.5
2020,Drug Deaths - Male,NJ,47.2
2020,Drug Deaths - Male,NM,52.3
2020,Drug Deaths - Male,NV,34.7
2020,Drug Deaths - Male,NY,37.4
2020,Drug Deaths - Male,OH,61.9
2020,Drug Deaths - Male,OK,24.8
2020,Drug Deaths - Male,OR,24.7
2020,Drug Deaths - Male,PA,56.7
2020,Drug Deaths - Male,RI,55.2
2020,Drug Deaths - Male,SC,47
2020,Drug Deaths - Male,SD,11.9
2020,Drug Deaths - Male,TN,59.3
2020,Drug Deaths - Male,TX,19.9
2020,Drug Deaths - Male,UT,24.6
2020,Drug Deaths - Male,VA,35
2020,Drug Deaths - Male,VT,43.2
2020,Drug Deaths - Male,WA,29.8
2020,Drug Deaths - Male,WI,36.1
2020,Drug Deaths - Male,WY,24
2020,Drug Deaths - Male,WV,107.6
2020,Drug Deaths - Multiracial,AK,
2020,Drug Deaths - Multiracial,AL,
2020,Drug Deaths - Multiracial,US,18.6
2020,Drug Deaths - Multiracial,AR,
2020,Drug Deaths - Multiracial,AZ,46.9
2020,Drug Deaths - Multiracial,CA,23.7
2020,Drug Deaths - Multiracial,CO,21.1
2020,Drug Deaths - Multiracial,CT,
2020,Drug Deaths - Multiracial,DC,
2020,Drug Deaths - Multiracial,DE,
2020,Drug Deaths - Multiracial,FL,21.7
2020,Drug Deaths - Multiracial,GA,
2020,Drug Deaths - Multiracial,HI,34.6
2020,Drug Deaths - Multiracial,IA,
2020,Drug Deaths - Multiracial,ID,
2020,Drug Deaths - Multiracial,IL,
2020,Drug Deaths - Multiracial,IN,
2020,Drug Deaths - Multiracial,KS,
2020,Drug Deaths - Multiracial,KY,
2020,Drug Deaths - Multiracial,LA,
2020,Drug Deaths - Multiracial,MA,
2020,Drug Deaths - Multiracial,MD,16.5
2020,Drug Deaths - Multiracial,ME,
2020,Drug Deaths - Multiracial,MI,19.7
2020,Drug Deaths - Multiracial,MN,26.1
2020,Drug Deaths - Multiracial,MO,
2020,Drug Deaths - Multiracial,MS,
2020,Drug Deaths - Multiracial,MT,
2020,Drug Deaths - Multiracial,NC,
2020,Drug Deaths - Multiracial,ND,
2020,Drug Deaths - Multiracial,NE,
2020,Drug Deaths - Multiracial,NH,
2020,Drug Deaths - Multiracial,NJ,
2020,Drug Deaths - Multiracial,NM,
2020,Drug Deaths - Multiracial,NV,
2020,Drug Deaths - Multiracial,NY,11.9
2020,Drug Deaths - Multiracial,OH,16
2020,Drug Deaths - Multiracial,OK,16.8
2020,Drug Deaths - Multiracial,OR,
2020,Drug Deaths - Multiracial,PA,25.8
2020,Drug Deaths - Multiracial,RI,
2020,Drug Deaths - Multiracial,SC,
2020,Drug Deaths - Multiracial,SD,
2020,Drug Deaths - Multiracial,TN,
2020,Drug Deaths - Multiracial,TX,4.9
2020,Drug Deaths - Multiracial,UT,
2020,Drug Deaths - Multiracial,VA,16.7
2020,Drug Deaths - Multiracial,VT,
2020,Drug Deaths - Multiracial,WA,32.6
2020,Drug Deaths - Multiracial,WI,
2020,Drug Deaths - Multiracial,WV,
2020,Drug Deaths - Multiracial,WY,
2020,Drug Deaths - White,AK,18.2
2020,Drug Deaths - White,AL,24.3
2020,Drug Deaths - White,US,32
2020,Drug Deaths - White,AR,21.6
2020,Drug Deaths - White,AZ,35.7
2020,Drug Deaths - White,CA,30.8
2020,Drug Deaths - White,CO,23
2020,Drug Deaths - White,CT,42.3
2020,Drug Deaths - White,DC,11.4
2020,Drug Deaths - White,DE,57
2020,Drug Deaths - White,FL,52.2
2020,Drug Deaths - White,GA,25
2020,Drug Deaths - White,HI,23.7
2020,Drug Deaths - White,IA,14.7
2020,Drug Deaths - White,ID,18
2020,Drug Deaths - White,IL,24.8
2020,Drug Deaths - White,IN,37.7
2020,Drug Deaths - White,KS,17.1
2020,Drug Deaths - White,KY,50.4
2020,Drug Deaths - White,LA,47.6
2020,Drug Deaths - White,MA,34.6
2020,Drug Deaths - White,MD,52.1
2020,Drug Deaths - White,ME,37.2
2020,Drug Deaths - White,MI,26.3
2020,Drug Deaths - White,MN,15.7
2020,Drug Deaths - White,MO,28
2020,Drug Deaths - White,MS,28.2
2020,Drug Deaths - White,MT,13.7
2020,Drug Deaths - White,NC,35.4
2020,Drug Deaths - White,ND,12
2020,Drug Deaths - White,NE,11.7
2020,Drug Deaths - White,NH,31.1
2020,Drug Deaths - White,NJ,38
2020,Drug Deaths - White,NM,35.5
2020,Drug Deaths - White,NV,35
2020,Drug Deaths - White,NY,27.9
2020,Drug Deaths - White,OH,46.6
2020,Drug Deaths - White,OK,20.5
2020,Drug Deaths - White,OR,20.2
2020,Drug Deaths - White,PA,40
2020,Drug Deaths - White,RI,41.1
2020,Drug Deaths - White,SC,43
2020,Drug Deaths - White,SD,7.9
2020,Drug Deaths - White,TN,47.1
2020,Drug Deaths - White,TX,19.1
2020,Drug Deaths - White,UT,21.5
2020,Drug Deaths - White,VA,29
2020,Drug Deaths - White,VT,33.3
2020,Drug Deaths - White,WA,23.7
2020,Drug Deaths - White,WI,25.3
2020,Drug Deaths - White,WY,16.1
2020,Drug Deaths - White,WV,78.4
2021,Drug Deaths,AR,21.7
2021,Drug Deaths,AZ,38.3
2021,Drug Deaths,DC,77.6
2021,Drug Deaths,DE,52.4
2021,Drug Deaths,FL,36.5
2021,Drug Deaths,IA,15.4
2021,Drug Deaths,IL,29.5
2021,Drug Deaths,IN,42.1
2021,Drug Deaths,LA,54
2021,Drug Deaths,MA,36.2
2021,Drug Deaths,MO,35.6
2021,Drug Deaths,MS,27.4
2021,Drug Deaths,MT,18.6
2021,Drug Deaths,NC,37.9
2021,Drug Deaths,NJ,32.5
2021,Drug Deaths,NM,51.1
2021,Drug Deaths,OH,46.7
2021,Drug Deaths,OK,24.9
2021,Drug Deaths,OR,27.1
2021,Drug Deaths,TX,17.1
2021,Drug Deaths,VT,40.2
2021,Drug Deaths,WA,28.8
2021,Drug Deaths,WI,30.7
2021,Drug Deaths,WY,19.1
2021,Drug Deaths,AK,34.9
2021,Drug Deaths,AL,28.6
2021,Drug Deaths,ALL,32.1
2021,Drug Deaths,CA,27.5
2021,Drug Deaths,CO,31.3
2021,Drug Deaths,CT,42.5
2021,Drug Deaths,GA,22.9
2021,Drug Deaths,HI,18.6
2021,Drug Deaths,ID,19.2
2021,Drug Deaths,KS,24
2021,Drug Deaths,KY,53.7
2021,Drug Deaths,MD,43.7
2021,Drug Deaths,ME,45.2
2021,Drug Deaths,MI,31.2
2021,Drug Deaths,MN,24.1
2021,Drug Deaths,ND,16.1
2021,Drug Deaths,NE,11.3
2021,Drug Deaths,NH,31.6
2021,Drug Deaths,NV,29.9
2021,Drug Deaths,NY,29
2021,Drug Deaths,PA,42.4
2021,Drug Deaths,RI,41
2021,Drug Deaths,SC,41.9
2021,Drug Deaths,SD,12.4
2021,Drug Deaths,TN,54.7
2021,Drug Deaths,UT,21.3
2021,Drug Deaths,VA,30.1
2021,Drug Deaths,WV,87.1
2021,Drug Deaths - Ages 15-24,WV,37.1
2021,Drug Deaths - Ages 15-24,AK,26.1
2021,Drug Deaths - Ages 15-24,AL,14.6
2021,Drug Deaths - Ages 15-24,ALL,17.2
2021,Drug Deaths - Ages 15-24,CA,18.9
2021,Drug Deaths - Ages 15-24,CO,25.3
2021,Drug Deaths - Ages 15-24,DC,
2021,Drug Deaths - Ages 15-24,GA,13.4
2021,Drug Deaths - Ages 15-24,IA,9.9
2021,Drug Deaths - Ages 15-24,IL,16.4
2021,Drug Deaths - Ages 15-24,KS,16
2021,Drug Deaths - Ages 15-24,LA,21.7
2021,Drug Deaths - Ages 15-24,MA,14.6
2021,Drug Deaths - Ages 15-24,MD,18
2021,Drug Deaths - Ages 15-24,MI,11.8
2021,Drug Deaths - Ages 15-24,MO,21.2
2021,Drug Deaths - Ages 15-24,ND,
2021,Drug Deaths - Ages 15-24,NE,10.6
2021,Drug Deaths - Ages 15-24,NJ,13
2021,Drug Deaths - Ages 15-24,NM,30
2021,Drug Deaths - Ages 15-24,NV,23.3
2021,Drug Deaths - Ages 15-24,OK,12.4
2021,Drug Deaths - Ages 15-24,OR,19.2
2021,Drug Deaths - Ages 15-24,PA,18.2
2021,Drug Deaths - Ages 15-24,TN,27.4
2021,Drug Deaths - Ages 15-24,TX,12.1
2021,Drug Deaths - Ages 15-24,UT,9.9
2021,Drug Deaths - Ages 15-24,VT,
2021,Drug Deaths - Ages 15-24,WA,21
2021,Drug Deaths - Ages 15-24,WI,14.6
2021,Drug Deaths - Ages 15-24,WY,
2021,Drug Deaths - Ages 15-24,AR,9.7
2021,Drug Deaths - Ages 15-24,AZ,30.9
2021,Drug Deaths - Ages 15-24,CT,15
2021,Drug Deaths - Ages 15-24,DE,
2021,Drug Deaths - Ages 15-24,FL,15.3
2021,Drug Deaths - Ages 15-24,HI,
2021,Drug Deaths - Ages 15-24,ID,13.2
2021,Drug Deaths - Ages 15-24,IN,25
2021,Drug Deaths - Ages 15-24,KY,26
2021,Drug Deaths - Ages 15-24,ME,19.4
2021,Drug Deaths - Ages 15-24,MN,21.7
2021,Drug Deaths - Ages 15-24,MS,14.7
2021,Drug Deaths - Ages 15-24,MT,
2021,Drug Deaths - Ages 15-24,NC,21.7
2021,Drug Deaths - Ages 15-24,NH,16.3
2021,Drug Deaths - Ages 15-24,NY,11.3
2021,Drug Deaths - Ages 15-24,OH,18.1
2021,Drug Deaths - Ages 15-24,RI,16.8
2021,Drug Deaths - Ages 15-24,SC,23.9
2021,Drug Deaths - Ages 15-24,SD,
2021,Drug Deaths - Ages 15-24,VA,18
2021,Drug Deaths - Ages 25-34,WV,144.7
2021,Drug Deaths - Ages 25-34,AK,66
2021,Drug Deaths - Ages 25-34,CO,51.1
2021,Drug Deaths - Ages 25-34,CT,57
2021,Drug Deaths - Ages 25-34,DC,26.8
2021,Drug Deaths - Ages 25-34,DE,77.1
2021,Drug Deaths - Ages 25-34,GA,43.2
2021,Drug Deaths - Ages 25-34,HI,13.9
2021,Drug Deaths - Ages 25-34,IA,28.4
2021,Drug Deaths - Ages 25-34,ID,30.5
2021,Drug Deaths - Ages 25-34,KS,44.2
2021,Drug Deaths - Ages 25-34,MA,52.7
2021,Drug Deaths - Ages 25-34,MD,67.8
2021,Drug Deaths - Ages 25-34,ME,75
2021,Drug Deaths - Ages 25-34,MN,46
2021,Drug Deaths - Ages 25-34,MS,50.7
2021,Drug Deaths - Ages 25-34,NE,20.2
2021,Drug Deaths - Ages 25-34,OH,82.3
2021,Drug Deaths - Ages 25-34,PA,72.5
2021,Drug Deaths - Ages 25-34,RI,70
2021,Drug Deaths - Ages 25-34,SC,74.4
2021,Drug Deaths - Ages 25-34,TN,92.6
2021,Drug Deaths - Ages 25-34,UT,29.5
2021,Drug Deaths - Ages 25-34,VA,55
2021,Drug Deaths - Ages 25-34,WA,38.5
2021,Drug Deaths - Ages 25-34,WI,55.9
2021,Drug Deaths - Ages 25-34,WY,27.2
2021,Drug Deaths - Ages 25-34,AL,50.6
2021,Drug Deaths - Ages 25-34,ALL,52.9
2021,Drug Deaths - Ages 25-34,AR,48.8
2021,Drug Deaths - Ages 25-34,AZ,71.2
2021,Drug Deaths - Ages 25-34,CA,40.8
2021,Drug Deaths - Ages 25-34,FL,64.5
2021,Drug Deaths - Ages 25-34,IL,42.1
2021,Drug Deaths - Ages 25-34,IN,79.5
2021,Drug Deaths - Ages 25-34,KY,87.6
2021,Drug Deaths - Ages 25-34,LA,92.7
2021,Drug Deaths - Ages 25-34,MI,53.5
2021,Drug Deaths - Ages 25-34,MO,68.8
2021,Drug Deaths - Ages 25-34,MT,27.9
2021,Drug Deaths - Ages 25-34,NC,77.6
2021,Drug Deaths - Ages 25-34,ND,38.7
2021,Drug Deaths - Ages 25-34,NH,67.3
2021,Drug Deaths - Ages 25-34,NJ,51.6
2021,Drug Deaths - Ages 25-34,NM,84
2021,Drug Deaths - Ages 25-34,NV,44.2
2021,Drug Deaths - Ages 25-34,NY,41.9
2021,Drug Deaths - Ages 25-34,OK,34.1
2021,Drug Deaths - Ages 25-34,OR,39.3
2021,Drug Deaths - Ages 25-34,SD,18.6
2021,Drug Deaths - Ages 25-34,TX,25.9
2021,Drug Deaths - Ages 25-34,VT,72.1
2021,Drug Deaths - Ages 35-44,WV,218.2
2021,Drug Deaths - Ages 35-44,AK,59
2021,Drug Deaths - Ages 35-44,AL,71.6
2021,Drug Deaths - Ages 35-44,CO,55.4
2021,Drug Deaths - Ages 35-44,CT,83
2021,Drug Deaths - Ages 35-44,DC,54.4
2021,Drug Deaths - Ages 35-44,FL,81.1
2021,Drug Deaths - Ages 35-44,HI,27.8
2021,Drug Deaths - Ages 35-44,IA,23.8
2021,Drug Deaths - Ages 35-44,ID,32.9
2021,Drug Deaths - Ages 35-44,IN,85.5
2021,Drug Deaths - Ages 35-44,KS,46.2
2021,Drug Deaths - Ages 35-44,MA,78.1
2021,Drug Deaths - Ages 35-44,MO,72.3
2021,Drug Deaths - Ages 35-44,NH,63.1
2021,Drug Deaths - Ages 35-44,OK,40.9
2021,Drug Deaths - Ages 35-44,OR,44
2021,Drug Deaths - Ages 35-44,SC,81.8
2021,Drug Deaths - Ages 35-44,TN,125.3
2021,Drug Deaths - Ages 35-44,TX,28.2
2021,Drug Deaths - Ages 35-44,VA,57.3
2021,Drug Deaths - Ages 35-44,VT,95.4
2021,Drug Deaths - Ages 35-44,WA,44
2021,Drug Deaths - Ages 35-44,ALL,62
2021,Drug Deaths - Ages 35-44,AR,42.7
2021,Drug Deaths - Ages 35-44,AZ,68.2
2021,Drug Deaths - Ages 35-44,CA,41.4
2021,Drug Deaths - Ages 35-44,DE,119.1
2021,Drug Deaths - Ages 35-44,GA,46.4
2021,Drug Deaths - Ages 35-44,IL,48.6
2021,Drug Deaths - Ages 35-44,KY,126.4
2021,Drug Deaths - Ages 35-44,LA,120.5
2021,Drug Deaths - Ages 35-44,MD,72.3
2021,Drug Deaths - Ages 35-44,ME,108.3
2021,Drug Deaths - Ages 35-44,MI,65.5
2021,Drug Deaths - Ages 35-44,MN,41.1
2021,Drug Deaths - Ages 35-44,MS,62.7
2021,Drug Deaths - Ages 35-44,MT,44.1
2021,Drug Deaths - Ages 35-44,NC,80.3
2021,Drug Deaths - Ages 35-44,ND,39.2
2021,Drug Deaths - Ages 35-44,NE,16.8
2021,Drug Deaths - Ages 35-44,NJ,59.8
2021,Drug Deaths - Ages 35-44,NM,98.8
2021,Drug Deaths - Ages 35-44,NV,43.6
2021,Drug Deaths - Ages 35-44,NY,55.2
2021,Drug Deaths - Ages 35-44,OH,105.4
2021,Drug Deaths - Ages 35-44,PA,90.4
2021,Drug Deaths - Ages 35-44,RI,82.4
2021,Drug Deaths - Ages 35-44,SD,22.4
2021,Drug Deaths - Ages 35-44,UT,37.6
2021,Drug Deaths - Ages 35-44,WI,66.6
2021,Drug Deaths - Ages 35-44,WY,37.7
2021,Drug Deaths - Ages 45-54,WV,147.7
2021,Drug Deaths - Ages 45-54,AK,64.9
2021,Drug Deaths - Ages 45-54,AR,32.9
2021,Drug Deaths - Ages 45-54,AZ,57.7
2021,Drug Deaths - Ages 45-54,CA,41.9
2021,Drug Deaths - Ages 45-54,CO,47.7
2021,Drug Deaths - Ages 45-54,CT,78.3
2021,Drug Deaths - Ages 45-54,FL,60.8
2021,Drug Deaths - Ages 45-54,GA,37.2
2021,Drug Deaths - Ages 45-54,HI,32.3
2021,Drug Deaths - Ages 45-54,IA,26.8
2021,Drug Deaths - Ages 45-54,ID,28.7
2021,Drug Deaths - Ages 45-54,IN,65.9
2021,Drug Deaths - Ages 45-54,KS,36.3
2021,Drug Deaths - Ages 45-54,LA,100.6
2021,Drug Deaths - Ages 45-54,ME,79.6
2021,Drug Deaths - Ages 45-54,MN,38.3
2021,Drug Deaths - Ages 45-54,MS,41.9
2021,Drug Deaths - Ages 45-54,NE,20.2
2021,Drug Deaths - Ages 45-54,NH,49.2
2021,Drug Deaths - Ages 45-54,NV,48.3
2021,Drug Deaths - Ages 45-54,OK,47.1
2021,Drug Deaths - Ages 45-54,RI,74.2
2021,Drug Deaths - Ages 45-54,SC,73.6
2021,Drug Deaths - Ages 45-54,TX,26
2021,Drug Deaths - Ages 45-54,UT,39.5
2021,Drug Deaths - Ages 45-54,VA,48.1
2021,Drug Deaths - Ages 45-54,WA,49.1
2021,Drug Deaths - Ages 45-54,WI,51.1
2021,Drug Deaths - Ages 45-54,WY,
2021,Drug Deaths - Ages 45-54,AL,45.2
2021,Drug Deaths - Ages 45-54,ALL,53.8
2021,Drug Deaths - Ages 45-54,DC,100.2
2021,Drug Deaths - Ages 45-54,DE,107.9
2021,Drug Deaths - Ages 45-54,IL,53.6
2021,Drug Deaths - Ages 45-54,KY,93.3
2021,Drug Deaths - Ages 45-54,MA,66.6
2021,Drug Deaths - Ages 45-54,MD,76.8
2021,Drug Deaths - Ages 45-54,MI,49.4
2021,Drug Deaths - Ages 45-54,MO,55.7
2021,Drug Deaths - Ages 45-54,MT,36.4
2021,Drug Deaths - Ages 45-54,NC,59.1
2021,Drug Deaths - Ages 45-54,ND,
2021,Drug Deaths - Ages 45-54,NJ,58.3
2021,Drug Deaths - Ages 45-54,NM,86.7
2021,Drug Deaths - Ages 45-54,NY,50.5
2021,Drug Deaths - Ages 45-54,OH,80.9
2021,Drug Deaths - Ages 45-54,OR,46.6
2021,Drug Deaths - Ages 45-54,PA,72
2021,Drug Deaths - Ages 45-54,SD,25.4
2021,Drug Deaths - Ages 45-54,TN,92.5
2021,Drug Deaths - Ages 45-54,VT,73.3
2021,Drug Deaths - Ages 55-64,WV,98.1
2021,Drug Deaths - Ages 55-64,AK,36.5
2021,Drug Deaths - Ages 55-64,AL,28
2021,Drug Deaths - Ages 55-64,AR,23.1
2021,Drug Deaths - Ages 55-64,AZ,47.7
2021,Drug Deaths - Ages 55-64,CT,72.6
2021,Drug Deaths - Ages 55-64,DC,251.5
2021,Drug Deaths - Ages 55-64,DE,67.6
2021,Drug Deaths - Ages 55-64,FL,44.9
2021,Drug Deaths - Ages 55-64,GA,24.6
2021,Drug Deaths - Ages 55-64,IA,20.1
2021,Drug Deaths - Ages 55-64,ID,31.1
2021,Drug Deaths - Ages 55-64,KS,27.9
2021,Drug Deaths - Ages 55-64,KY,64.3
2021,Drug Deaths - Ages 55-64,LA,64.2
2021,Drug Deaths - Ages 55-64,ME,53
2021,Drug Deaths - Ages 55-64,ND,
2021,Drug Deaths - Ages 55-64,NE,14.1
2021,Drug Deaths - Ages 55-64,NJ,51.6
2021,Drug Deaths - Ages 55-64,NY,49.4
2021,Drug Deaths - Ages 55-64,OH,56.5
2021,Drug Deaths - Ages 55-64,OK,39.9
2021,Drug Deaths - Ages 55-64,OR,41.4
2021,Drug Deaths - Ages 55-64,PA,56.1
2021,Drug Deaths - Ages 55-64,SD,
2021,Drug Deaths - Ages 55-64,UT,28.6
2021,Drug Deaths - Ages 55-64,VA,39.2
2021,Drug Deaths - Ages 55-64,ALL,45.3
2021,Drug Deaths - Ages 55-64,CA,47.4
2021,Drug Deaths - Ages 55-64,CO,39.7
2021,Drug Deaths - Ages 55-64,HI,38.1
2021,Drug Deaths - Ages 55-64,IL,50.6
2021,Drug Deaths - Ages 55-64,IN,51.2
2021,Drug Deaths - Ages 55-64,MA,51.6
2021,Drug Deaths - Ages 55-64,MD,76.9
2021,Drug Deaths - Ages 55-64,MI,42.7
2021,Drug Deaths - Ages 55-64,MN,26.6
2021,Drug Deaths - Ages 55-64,MO,41.2
2021,Drug Deaths - Ages 55-64,MS,26.5
2021,Drug Deaths - Ages 55-64,MT,20.2
2021,Drug Deaths - Ages 55-64,NC,40.8
2021,Drug Deaths - Ages 55-64,NH,38.8
2021,Drug Deaths - Ages 55-64,NM,70.6
2021,Drug Deaths - Ages 55-64,NV,45.7
2021,Drug Deaths - Ages 55-64,RI,48.3
2021,Drug Deaths - Ages 55-64,SC,51.5
2021,Drug Deaths - Ages 55-64,TN,66.6
2021,Drug Deaths - Ages 55-64,TX,26.5
2021,Drug Deaths - Ages 55-64,VT,32.2
2021,Drug Deaths - Ages 55-64,WA,51.2
2021,Drug Deaths - Ages 55-64,WI,35.2
2021,Drug Deaths - Ages 55-64,WY,30.5
2021,Drug Deaths - Ages 65-74,WV,25.2
2021,Drug Deaths - Ages 65-74,AK,
2021,Drug Deaths - Ages 65-74,ALL,16.8
2021,Drug Deaths - Ages 65-74,AZ,17
2021,Drug Deaths - Ages 65-74,CA,23.2
2021,Drug Deaths - Ages 65-74,CT,24
2021,Drug Deaths - Ages 65-74,DE,20.9
2021,Drug Deaths - Ages 65-74,GA,10.7
2021,Drug Deaths - Ages 65-74,HI,27.1
2021,Drug Deaths - Ages 65-74,IA,9.8
2021,Drug Deaths - Ages 65-74,ID,12.2
2021,Drug Deaths - Ages 65-74,KS,12.9
2021,Drug Deaths - Ages 65-74,KY,17.4
2021,Drug Deaths - Ages 65-74,MO,14
2021,Drug Deaths - Ages 65-74,MT,
2021,Drug Deaths - Ages 65-74,NC,10.5
2021,Drug Deaths - Ages 65-74,ND,
2021,Drug Deaths - Ages 65-74,NM,24.3
2021,Drug Deaths - Ages 65-74,OK,18.8
2021,Drug Deaths - Ages 65-74,OR,19.2
2021,Drug Deaths - Ages 65-74,RI,23.7
2021,Drug Deaths - Ages 65-74,SD,
2021,Drug Deaths - Ages 65-74,TN,16.2
2021,Drug Deaths - Ages 65-74,TX,12.9
2021,Drug Deaths - Ages 65-74,VA,13.1
2021,Drug Deaths - Ages 65-74,WA,18.9
2021,Drug Deaths - Ages 65-74,AL,7.9
2021,Drug Deaths - Ages 65-74,AR,7.3
2021,Drug Deaths - Ages 65-74,CO,19.9
2021,Drug Deaths - Ages 65-74,DC,185.3
2021,Drug Deaths - Ages 65-74,FL,14.5
2021,Drug Deaths - Ages 65-74,IL,17.8
2021,Drug Deaths - Ages 65-74,IN,16.9
2021,Drug Deaths - Ages 65-74,LA,16.3
2021,Drug Deaths - Ages 65-74,MA,16.2
2021,Drug Deaths - Ages 65-74,MD,28
2021,Drug Deaths - Ages 65-74,ME,11.5
2021,Drug Deaths - Ages 65-74,MI,17.9
2021,Drug Deaths - Ages 65-74,MN,9
2021,Drug Deaths - Ages 65-74,MS,13.8
2021,Drug Deaths - Ages 65-74,NE,
2021,Drug Deaths - Ages 65-74,NH,
2021,Drug Deaths - Ages 65-74,NJ,17.3
2021,Drug Deaths - Ages 65-74,NV,25.2
2021,Drug Deaths - Ages 65-74,NY,17.2
2021,Drug Deaths - Ages 65-74,OH,17.1
2021,Drug Deaths - Ages 65-74,PA,17.9
2021,Drug Deaths - Ages 65-74,SC,17.8
2021,Drug Deaths - Ages 65-74,UT,17.7
2021,Drug Deaths - Ages 65-74,VT,
2021,Drug Deaths - Ages 65-74,WI,12.5
2021,Drug Deaths - Ages 65-74,WY,0
2021,Drug Deaths - American Indian/Alaska Native,WV,
2021,Drug Deaths - American Indian/Alaska Native,ALL,55
2021,Drug Deaths - American Indian/Alaska Native,AR,
2021,Drug Deaths - American Indian/Alaska Native,CA,69.3
2021,Drug Deaths - American Indian/Alaska Native,CT,
2021,Drug Deaths - American Indian/Alaska Native,DE,
2021,Drug Deaths - American Indian/Alaska Native,HI,
2021,Drug Deaths - American Indian/Alaska Native,IA,
2021,Drug Deaths - American Indian/Alaska Native,IN,
2021,Drug Deaths - American Indian/Alaska Native,KS,
2021,Drug Deaths - American Indian/Alaska Native,MA,
2021,Drug Deaths - American Indian/Alaska Native,MD,
2021,Drug Deaths - American Indian/Alaska Native,MI,
2021,Drug Deaths - American Indian/Alaska Native,MN,220.4
2021,Drug Deaths - American Indian/Alaska Native,MS,
2021,Drug Deaths - American Indian/Alaska Native,MT,65.2
2021,Drug Deaths - American Indian/Alaska Native,NH,
2021,Drug Deaths - American Indian/Alaska Native,NM,41.4
2021,Drug Deaths - American Indian/Alaska Native,NV,
2021,Drug Deaths - American Indian/Alaska Native,NY,35.2
2021,Drug Deaths - American Indian/Alaska Native,OK,36.7
2021,Drug Deaths - American Indian/Alaska Native,OR,48.4
2021,Drug Deaths - American Indian/Alaska Native,SC,
2021,Drug Deaths - American Indian/Alaska Native,SD,44.5
2021,Drug Deaths - American Indian/Alaska Native,TX,
2021,Drug Deaths - American Indian/Alaska Native,VA,
2021,Drug Deaths - American Indian/Alaska Native,WA,116.3
2021,Drug Deaths - American Indian/Alaska Native,WY,
2021,Drug Deaths - American Indian/Alaska Native,AK,74.2
2021,Drug Deaths - American Indian/Alaska Native,AL,
2021,Drug Deaths - American Indian/Alaska Native,AZ,52.2
2021,Drug Deaths - American Indian/Alaska Native,CO,100.8
2021,Drug Deaths - American Indian/Alaska Native,DC,
2021,Drug Deaths - American Indian/Alaska Native,FL,35.9
2021,Drug Deaths - American Indian/Alaska Native,GA,
2021,Drug Deaths - American Indian/Alaska Native,ID,
2021,Drug Deaths - American Indian/Alaska Native,IL,
2021,Drug Deaths - American Indian/Alaska Native,KY,
2021,Drug Deaths - American Indian/Alaska Native,LA,
2021,Drug Deaths - American Indian/Alaska Native,ME,
2021,Drug Deaths - American Indian/Alaska Native,MO,
2021,Drug Deaths - American Indian/Alaska Native,NC,92.5
2021,Drug Deaths - American Indian/Alaska Native,ND,83.4
2021,Drug Deaths - American Indian/Alaska Native,NE,
2021,Drug Deaths - American Indian/Alaska Native,NJ,
2021,Drug Deaths - American Indian/Alaska Native,OH,
2021,Drug Deaths - American Indian/Alaska Native,PA,
2021,Drug Deaths - American Indian/Alaska Native,RI,
2021,Drug Deaths - American Indian/Alaska Native,TN,
2021,Drug Deaths - American Indian/Alaska Native,UT,
2021,Drug Deaths - American Indian/Alaska Native,VT,
2021,Drug Deaths - American Indian/Alaska Native,WI,94.6
2021,Drug Deaths - Asian,WV,
2021,Drug Deaths - Asian,AL,
2021,Drug Deaths - Asian,ALL,4.6
2021,Drug Deaths - Asian,AR,
2021,Drug Deaths - Asian,AZ,
2021,Drug Deaths - Asian,CO,
2021,Drug Deaths - Asian,FL,3.8
2021,Drug Deaths - Asian,GA,3.9
2021,Drug Deaths - Asian,HI,7.8
2021,Drug Deaths - Asian,IA,
2021,Drug Deaths - Asian,ID,
2021,Drug Deaths - Asian,IN,
2021,Drug Deaths - Asian,KS,
2021,Drug Deaths - Asian,KY,
2021,Drug Deaths - Asian,LA,
2021,Drug Deaths - Asian,MA,3.3
2021,Drug Deaths - Asian,ME,
2021,Drug Deaths - Asian,MN,
2021,Drug Deaths - Asian,MS,
2021,Drug Deaths - Asian,MT,
2021,Drug Deaths - Asian,ND,
2021,Drug Deaths - Asian,NE,
2021,Drug Deaths - Asian,NJ,3.8
2021,Drug Deaths - Asian,NM,
2021,Drug Deaths - Asian,NV,
2021,Drug Deaths - Asian,NY,4.5
2021,Drug Deaths - Asian,OK,
2021,Drug Deaths - Asian,OR,
2021,Drug Deaths - Asian,PA,4.3
2021,Drug Deaths - Asian,RI,
2021,Drug Deaths - Asian,SD,
2021,Drug Deaths - Asian,UT,
2021,Drug Deaths - Asian,WA,5.4
2021,Drug Deaths - Asian,WI,
2021,Drug Deaths - Asian,WY,
2021,Drug Deaths - Asian,AK,
2021,Drug Deaths - Asian,CA,4.9
2021,Drug Deaths - Asian,CT,
2021,Drug Deaths - Asian,DC,
2021,Drug Deaths - Asian,DE,
2021,Drug Deaths - Asian,IL,2.9
2021,Drug Deaths - Asian,MD,
2021,Drug Deaths - Asian,MI,
2021,Drug Deaths - Asian,MO,
2021,Drug Deaths - Asian,NC,
2021,Drug Deaths - Asian,NH,
2021,Drug Deaths - Asian,OH,6.7
2021,Drug Deaths - Asian,SC,
2021,Drug Deaths - Asian,TN,
2021,Drug Deaths - Asian,TX,3.1
2021,Drug Deaths - Asian,VA,3.2
2021,Drug Deaths - Asian,VT,
2021,Drug Deaths - Black,WV,135
2021,Drug Deaths - Black,AK,
2021,Drug Deaths - Black,AL,25.2
2021,Drug Deaths - Black,ALL,47.3
2021,Drug Deaths - Black,AR,20.7
2021,Drug Deaths - Black,CT,69
2021,Drug Deaths - Black,GA,18
2021,Drug Deaths - Black,HI,
2021,Drug Deaths - Black,IL,81.2
2021,Drug Deaths - Black,MA,44.3
2021,Drug Deaths - Black,MI,63.2
2021,Drug Deaths - Black,MN,74.3
2021,Drug Deaths - Black,MS,15.2
2021,Drug Deaths - Black,MT,
2021,Drug Deaths - Black,ND,
2021,Drug Deaths - Black,NE,27.5
2021,Drug Deaths - Black,NJ,64.1
2021,Drug Deaths - Black,NV,44.4
2021,Drug Deaths - Black,OR,58.4
2021,Drug Deaths - Black,PA,76.3
2021,Drug Deaths - Black,SC,31.2
2021,Drug Deaths - Black,SD,
2021,Drug Deaths - Black,TN,62.4
2021,Drug Deaths - Black,TX,25.6
2021,Drug Deaths - Black,UT,
2021,Drug Deaths - Black,VA,43.2
2021,Drug Deaths - Black,WA,66.7
2021,Drug Deaths - Black,WY,
2021,Drug Deaths - Black,AZ,55.5
2021,Drug Deaths - Black,CA,58
2021,Drug Deaths - Black,CO,49.5
2021,Drug Deaths - Black,DC,149
2021,Drug Deaths - Black,DE,55.8
2021,Drug Deaths - Black,FL,26.1
2021,Drug Deaths - Black,IA,52.4
2021,Drug Deaths - Black,ID,
2021,Drug Deaths - Black,IN,72.3
2021,Drug Deaths - Black,KS,45.5
2021,Drug Deaths - Black,KY,64.8
2021,Drug Deaths - Black,LA,54.2
2021,Drug Deaths - Black,MD,63.5
2021,Drug Deaths - Black,ME,
2021,Drug Deaths - Black,MO,80.4
2021,Drug Deaths - Black,NC,38.7
2021,Drug Deaths - Black,NH,
2021,Drug Deaths - Black,NM,77.9
2021,Drug Deaths - Black,NY,44.6
2021,Drug Deaths - Black,OH,68.9
2021,Drug Deaths - Black,OK,35.6
2021,Drug Deaths - Black,RI,48.9
2021,Drug Deaths - Black,VT,
2021,Drug Deaths - Black,WI,102.3
2021,Drug Deaths - Female,AL,18.7
2021,Drug Deaths - Female,ALL,19.5
2021,Drug Deaths - Female,AZ,21.7
2021,Drug Deaths - Female,DC,41.6
2021,Drug Deaths - Female,DE,32
2021,Drug Deaths - Female,GA,14.6
2021,Drug Deaths - Female,HI,9.7
2021,Drug Deaths - Female,IA,11.7
2021,Drug Deaths - Female,KY,35.2
2021,Drug Deaths - Female,LA,31.5
2021,Drug Deaths - Female,MA,19.7
2021,Drug Deaths - Female,MN,15.5
2021,Drug Deaths - Female,MS,18.5
2021,Drug Deaths - Female,MT,12.9
2021,Drug Deaths - Female,ND,13.3
2021,Drug Deaths - Female,NH,21
2021,Drug Deaths - Female,NJ,17.7
2021,Drug Deaths - Female,NV,20.9
2021,Drug Deaths - Female,PA,26.3
2021,Drug Deaths - Female,RI,27.1
2021,Drug Deaths - Female,UT,16.7
2021,Drug Deaths - Female,AK,28
2021,Drug Deaths - Female,AR,16.8
2021,Drug Deaths - Female,CA,13.7
2021,Drug Deaths - Female,CO,20.6
2021,Drug Deaths - Female,CT,24.4
2021,Drug Deaths - Female,FL,21.6
2021,Drug Deaths - Female,ID,13.8
2021,Drug Deaths - Female,IL,16
2021,Drug Deaths - Female,IN,28.8
2021,Drug Deaths - Female,KS,16.6
2021,Drug Deaths - Female,MD,24.3
2021,Drug Deaths - Female,ME,26
2021,Drug Deaths - Female,MI,20.5
2021,Drug Deaths - Female,MO,22.4
2021,Drug Deaths - Female,NC,23.1
2021,Drug Deaths - Female,NE,9.5
2021,Drug Deaths - Female,NM,31
2021,Drug Deaths - Female,NY,16.1
2021,Drug Deaths - Female,OH,28.9
2021,Drug Deaths - Female,OK,17.8
2021,Drug Deaths - Female,OR,17.2
2021,Drug Deaths - Female,SC,26.6
2021,Drug Deaths - Female,SD,10.6
2021,Drug Deaths - Female,TN,35.4
2021,Drug Deaths - Female,TX,10.9
2021,Drug Deaths - Female,VA,17.9
2021,Drug Deaths - Female,VT,26.6
2021,Drug Deaths - Female,WA,18.6
2021,Drug Deaths - Female,WI,20.2
2021,Drug Deaths - Female,WY,14.8
2021,Drug Deaths - Female,WV,56.1
2021,Drug Deaths - Hawaiian/Pacific Islander,WV,
2021,Drug Deaths - Hawaiian/Pacific Islander,ALL,19.9
2021,Drug Deaths - Hawaiian/Pacific Islander,CA,28.6
2021,Drug Deaths - Hawaiian/Pacific Islander,DC,
2021,Drug Deaths - Hawaiian/Pacific Islander,DE,
2021,Drug Deaths - Hawaiian/Pacific Islander,IA,
2021,Drug Deaths - Hawaiian/Pacific Islander,ID,
2021,Drug Deaths - Hawaiian/Pacific Islander,IL,
2021,Drug Deaths - Hawaiian/Pacific Islander,IN,
2021,Drug Deaths - Hawaiian/Pacific Islander,MI,
2021,Drug Deaths - Hawaiian/Pacific Islander,MO,
2021,Drug Deaths - Hawaiian/Pacific Islander,NC,
2021,Drug Deaths - Hawaiian/Pacific Islander,NH,
2021,Drug Deaths - Hawaiian/Pacific Islander,NJ,
2021,Drug Deaths - Hawaiian/Pacific Islander,PA,
2021,Drug Deaths - Hawaiian/Pacific Islander,SC,
2021,Drug Deaths - Hawaiian/Pacific Islander,TN,
2021,Drug Deaths - Hawaiian/Pacific Islander,TX,
2021,Drug Deaths - Hawaiian/Pacific Islander,VT,
2021,Drug Deaths - Hawaiian/Pacific Islander,WA,
2021,Drug Deaths - Hawaiian/Pacific Islander,WI,
2021,Drug Deaths - Hawaiian/Pacific Islander,WY,
2021,Drug Deaths - Hawaiian/Pacific Islander,AK,
2021,Drug Deaths - Hawaiian/Pacific Islander,AL,
2021,Drug Deaths - Hawaiian/Pacific Islander,AR,
2021,Drug Deaths - Hawaiian/Pacific Islander,AZ,
2021,Drug Deaths - Hawaiian/Pacific Islander,CO,
2021,Drug Deaths - Hawaiian/Pacific Islander,CT,
2021,Drug Deaths - Hawaiian/Pacific Islander,FL,
2021,Drug Deaths - Hawaiian/Pacific Islander,GA,
2021,Drug Deaths - Hawaiian/Pacific Islander,HI,20.1
2021,Drug Deaths - Hawaiian/Pacific Islander,KS,
2021,Drug Deaths - Hawaiian/Pacific Islander,KY,
2021,Drug Deaths - Hawaiian/Pacific Islander,LA,
2021,Drug Deaths - Hawaiian/Pacific Islander,MA,
2021,Drug Deaths - Hawaiian/Pacific Islander,MD,
2021,Drug Deaths - Hawaiian/Pacific Islander,ME,
2021,Drug Deaths - Hawaiian/Pacific Islander,MN,
2021,Drug Deaths - Hawaiian/Pacific Islander,MS,
2021,Drug Deaths - Hawaiian/Pacific Islander,MT,
2021,Drug Deaths - Hawaiian/Pacific Islander,ND,
2021,Drug Deaths - Hawaiian/Pacific Islander,NE,
2021,Drug Deaths - Hawaiian/Pacific Islander,NM,
2021,Drug Deaths - Hawaiian/Pacific Islander,NV,
2021,Drug Deaths - Hawaiian/Pacific Islander,NY,
2021,Drug Deaths - Hawaiian/Pacific Islander,OH,
2021,Drug Deaths - Hawaiian/Pacific Islander,OK,
2021,Drug Deaths - Hawaiian/Pacific Islander,OR,
2021,Drug Deaths - Hawaiian/Pacific Islander,RI,
2021,Drug Deaths - Hawaiian/Pacific Islander,SD,
2021,Drug Deaths - Hawaiian/Pacific Islander,UT,
2021,Drug Deaths - Hawaiian/Pacific Islander,VA,
2021,Drug Deaths - Hispanic,WV,
2021,Drug Deaths - Hispanic,AK,
2021,Drug Deaths - Hispanic,AZ,35.1
2021,Drug Deaths - Hispanic,CO,37
2021,Drug Deaths - Hispanic,FL,17.9
2021,Drug Deaths - Hispanic,IA,
2021,Drug Deaths - Hispanic,ID,14.9
2021,Drug Deaths - Hispanic,LA,31.1
2021,Drug Deaths - Hispanic,MA,39.2
2021,Drug Deaths - Hispanic,MN,21.2
2021,Drug Deaths - Hispanic,NC,16.2
2021,Drug Deaths - Hispanic,NH,
2021,Drug Deaths - Hispanic,NM,56.3
2021,Drug Deaths - Hispanic,OK,10.5
2021,Drug Deaths - Hispanic,OR,14.5
2021,Drug Deaths - Hispanic,PA,42.9
2021,Drug Deaths - Hispanic,RI,34.6
2021,Drug Deaths - Hispanic,SC,11.5
2021,Drug Deaths - Hispanic,TN,23.4
2021,Drug Deaths - Hispanic,TX,11
2021,Drug Deaths - Hispanic,WA,19.1
2021,Drug Deaths - Hispanic,WI,27.6
2021,Drug Deaths - Hispanic,WY,
2021,Drug Deaths - Hispanic,AL,
2021,Drug Deaths - Hispanic,ALL,20.7
2021,Drug Deaths - Hispanic,AR,
2021,Drug Deaths - Hispanic,CA,20
2021,Drug Deaths - Hispanic,CT,40.8
2021,Drug Deaths - Hispanic,DC,
2021,Drug Deaths - Hispanic,DE,37.3
2021,Drug Deaths - Hispanic,GA,9.3
2021,Drug Deaths - Hispanic,HI,24.3
2021,Drug Deaths - Hispanic,IL,18.5
2021,Drug Deaths - Hispanic,IN,23.2
2021,Drug Deaths - Hispanic,KS,16.3
2021,Drug Deaths - Hispanic,KY,17.2
2021,Drug Deaths - Hispanic,MD,15.4
2021,Drug Deaths - Hispanic,ME,
2021,Drug Deaths - Hispanic,MI,29.9
2021,Drug Deaths - Hispanic,MO,14.7
2021,Drug Deaths - Hispanic,MS,
2021,Drug Deaths - Hispanic,MT,
2021,Drug Deaths - Hispanic,ND,
2021,Drug Deaths - Hispanic,NE,
2021,Drug Deaths - Hispanic,NJ,24.7
2021,Drug Deaths - Hispanic,NV,16.8
2021,Drug Deaths - Hispanic,NY,29.9
2021,Drug Deaths - Hispanic,OH,32
2021,Drug Deaths - Hispanic,SD,
2021,Drug Deaths - Hispanic,UT,16.2
2021,Drug Deaths - Hispanic,VA,12.6
2021,Drug Deaths - Hispanic,VT,
2021,Drug Deaths - Male,AK,41.1
2021,Drug Deaths - Male,AZ,54.4
2021,Drug Deaths - Male,CO,41.4
2021,Drug Deaths - Male,FL,51.5
2021,Drug Deaths - Male,IA,19
2021,Drug Deaths - Male,IN,55.4
2021,Drug Deaths - Male,KY,72.1
2021,Drug Deaths - Male,LA,77.3
2021,Drug Deaths - Male,MD,64.1
2021,Drug Deaths - Male,ME,64.7
2021,Drug Deaths - Male,MS,36.8
2021,Drug Deaths - Male,NE,13.1
2021,Drug Deaths - Male,NH,41.8
2021,Drug Deaths - Male,NJ,47.6
2021,Drug Deaths - Male,NY,42.4
2021,Drug Deaths - Male,OK,31.9
2021,Drug Deaths - Male,OR,36.9
2021,Drug Deaths - Male,SC,58.1
2021,Drug Deaths - Male,TN,74.6
2021,Drug Deaths - Male,UT,25.8
2021,Drug Deaths - Male,VA,42.3
2021,Drug Deaths - Male,VT,53.8
2021,Drug Deaths - Male,WA,38.8
2021,Drug Deaths - Male,AL,39
2021,Drug Deaths - Male,ALL,44.9
2021,Drug Deaths - Male,AR,26.8
2021,Drug Deaths - Male,CA,41.1
2021,Drug Deaths - Male,CT,61.1
2021,Drug Deaths - Male,DC,118.1
2021,Drug Deaths - Male,DE,74
2021,Drug Deaths - Male,GA,31.7
2021,Drug Deaths - Male,HI,27.4
2021,Drug Deaths - Male,ID,24.5
2021,Drug Deaths - Male,IL,43.2
2021,Drug Deaths - Male,KS,31.2
2021,Drug Deaths - Male,MA,53.1
2021,Drug Deaths - Male,MI,41.9
2021,Drug Deaths - Male,MN,32.4
2021,Drug Deaths - Male,MO,49
2021,Drug Deaths - Male,MT,24
2021,Drug Deaths - Male,NC,53.3
2021,Drug Deaths - Male,ND,18.5
2021,Drug Deaths - Male,NM,71
2021,Drug Deaths - Male,NV,38.7
2021,Drug Deaths - Male,OH,64.5
2021,Drug Deaths - Male,PA,58.5
2021,Drug Deaths - Male,RI,55.1
2021,Drug Deaths - Male,SD,13.9
2021,Drug Deaths - Male,TX,23.3
2021,Drug Deaths - Male,WI,40.8
2021,Drug Deaths - Male,WY,23.2
2021,Drug Deaths - Male,WV,117.5
2021,Drug Deaths - Multiracial,AK,78.3
2021,Drug Deaths - Multiracial,AL,
2021,Drug Deaths - Multiracial,ALL,21.2
2021,Drug Deaths - Multiracial,AR,
2021,Drug Deaths - Multiracial,CT,
2021,Drug Deaths - Multiracial,GA,
2021,Drug Deaths - Multiracial,ID,
2021,Drug Deaths - Multiracial,IL,
2021,Drug Deaths - Multiracial,IN,
2021,Drug Deaths - Multiracial,KY,
2021,Drug Deaths - Multiracial,LA,
2021,Drug Deaths - Multiracial,MA,
2021,Drug Deaths - Multiracial,MD,
2021,Drug Deaths - Multiracial,ME,
2021,Drug Deaths - Multiracial,MI,14.7
2021,Drug Deaths - Multiracial,MN,52
2021,Drug Deaths - Multiracial,MO,20.1
2021,Drug Deaths - Multiracial,MS,
2021,Drug Deaths - Multiracial,MT,
2021,Drug Deaths - Multiracial,ND,
2021,Drug Deaths - Multiracial,NV,
2021,Drug Deaths - Multiracial,NY,11.2
2021,Drug Deaths - Multiracial,OH,15.8
2021,Drug Deaths - Multiracial,OK,26.9
2021,Drug Deaths - Multiracial,RI,
2021,Drug Deaths - Multiracial,SD,
2021,Drug Deaths - Multiracial,UT,
2021,Drug Deaths - Multiracial,VT,
2021,Drug Deaths - Multiracial,WA,33.6
2021,Drug Deaths - Multiracial,WI,
2021,Drug Deaths - Multiracial,WV,
2021,Drug Deaths - Multiracial,WY,
2021,Drug Deaths - Multiracial,AZ,56.2
2021,Drug Deaths - Multiracial,CA,27.5
2021,Drug Deaths - Multiracial,CO,18
2021,Drug Deaths - Multiracial,DC,
2021,Drug Deaths - Multiracial,DE,
2021,Drug Deaths - Multiracial,FL,21.8
2021,Drug Deaths - Multiracial,HI,33.7
2021,Drug Deaths - Multiracial,IA,
2021,Drug Deaths - Multiracial,KS,51.4
2021,Drug Deaths - Multiracial,NC,14.4
2021,Drug Deaths - Multiracial,NE,
2021,Drug Deaths - Multiracial,NH,
2021,Drug Deaths - Multiracial,NJ,
2021,Drug Deaths - Multiracial,NM,
2021,Drug Deaths - Multiracial,OR,24.6
2021,Drug Deaths - Multiracial,PA,21
2021,Drug Deaths - Multiracial,SC,
2021,Drug Deaths - Multiracial,TN,
2021,Drug Deaths - Multiracial,TX,6.3
2021,Drug Deaths - Multiracial,VA,17.4
2021,Drug Deaths - White,AK,29.9
2021,Drug Deaths - White,ALL,35.9
2021,Drug Deaths - White,AR,25.1
2021,Drug Deaths - White,AZ,38.4
2021,Drug Deaths - White,CO,29.3
2021,Drug Deaths - White,GA,31.3
2021,Drug Deaths - White,HI,21.4
2021,Drug Deaths - White,IA,15.5
2021,Drug Deaths - White,ID,20.2
2021,Drug Deaths - White,IL,25
2021,Drug Deaths - White,LA,59.1
2021,Drug Deaths - White,MA,38.5
2021,Drug Deaths - White,MD,46.8
2021,Drug Deaths - White,ME,45.1
2021,Drug Deaths - White,MN,18.8
2021,Drug Deaths - White,ND,12.2
2021,Drug Deaths - White,NH,32.8
2021,Drug Deaths - White,NJ,35.7
2021,Drug Deaths - White,NM,41.7
2021,Drug Deaths - White,SC,51.8
2021,Drug Deaths - White,SD,9
2021,Drug Deaths - White,TN,57.4
2021,Drug Deaths - White,VA,32.7
2021,Drug Deaths - White,VT,40.4
2021,Drug Deaths - White,WA,30.1
2021,Drug Deaths - White,WY,17.5
2021,Drug Deaths - White,AL,32.5
2021,Drug Deaths - White,CA,38.3
2021,Drug Deaths - White,CT,42.7
2021,Drug Deaths - White,DC,14.1
2021,Drug Deaths - White,DE,61.1
2021,Drug Deaths - White,FL,54.4
2021,Drug Deaths - White,IN,42.6
2021,Drug Deaths - White,KS,23.1
2021,Drug Deaths - White,KY,55.9
2021,Drug Deaths - White,MI,27.7
2021,Drug Deaths - White,MO,32.1
2021,Drug Deaths - White,MS,37.1
2021,Drug Deaths - White,MT,16
2021,Drug Deaths - White,NC,43
2021,Drug Deaths - White,NE,11.4
2021,Drug Deaths - White,NV,39.9
2021,Drug Deaths - White,NY,28.9
2021,Drug Deaths - White,OH,46.9
2021,Drug Deaths - White,OK,25.1
2021,Drug Deaths - White,OR,29.2
2021,Drug Deaths - White,PA,41
2021,Drug Deaths - White,RI,43.8
2021,Drug Deaths - White,TX,22.5
2021,Drug Deaths - White,UT,22.5
2021,Drug Deaths - White,WI,27
2021,Drug Deaths - White,WV,88.2
2022,Drug Deaths,AK,34.6
2022,Drug Deaths,AL,29.4
2022,Drug Deaths,ALL,32.4
2022,Drug Deaths,AR,20.3
2022,Drug Deaths,AZ,36.2
2022,Drug Deaths,CA,28.1
2022,Drug Deaths,CO,31
2022,Drug Deaths,CT,40.9
2022,Drug Deaths,DC,67.1
2022,Drug Deaths,DE,53.9
2022,Drug Deaths,FL,33.9
2022,Drug Deaths,GA,24.6
2022,Drug Deaths,HI,19.7
2022,Drug Deaths,IA,14.7
2022,Drug Deaths,ID,19.9
2022,Drug Deaths,IL,30.6
2022,Drug Deaths,IN,39.3
2022,Drug Deaths,KS,25.7
2022,Drug Deaths,KY,50.3
2022,Drug Deaths,LA,51.8
2022,Drug Deaths,MA,37.8
2022,Drug Deaths,MD,41.7
2022,Drug Deaths,ME,51
2022,Drug Deaths,MI,29.9
2022,Drug Deaths,MN,24.2
2022,Drug Deaths,MO,35.5
2022,Drug Deaths,MS,25.8
2022,Drug Deaths,MT,18.5
2022,Drug Deaths,NC,40.3
2022,Drug Deaths,ND,19
2022,Drug Deaths,NE,11.4
2022,Drug Deaths,NH,34.8
2022,Drug Deaths,NJ,32.2
2022,Drug Deaths,NM,48.5
2022,Drug Deaths,NV,31.6
2022,Drug Deaths,NY,32.3
2022,Drug Deaths,OH,43.8
2022,Drug Deaths,OK,29.8
2022,Drug Deaths,OR,32.1
2022,Drug Deaths,PA,39.8
2022,Drug Deaths,RI,38.8
2022,Drug Deaths,SC,43.1
2022,Drug Deaths,SD,10.4
2022,Drug Deaths,TN,54.2
2022,Drug Deaths,TX,18.3
2022,Drug Deaths,UT,18.5
2022,Drug Deaths,VA,28.7
2022,Drug Deaths,VT,42.7
2022,Drug Deaths,WA,35
2022,Drug Deaths,WI,30.4
2022,Drug Deaths,WV,75.2
2022,Drug Deaths,WY,21.7
2022,Drug Deaths - Ages 15-24,WV,20.5
2022,Drug Deaths - Ages 15-24,AK,
2022,Drug Deaths - Ages 15-24,AL,12.5
2022,Drug Deaths - Ages 15-24,ALL,15.1
2022,Drug Deaths - Ages 15-24,AR,10.6
2022,Drug Deaths - Ages 15-24,AZ,20
2022,Drug Deaths - Ages 15-24,CA,14.9
2022,Drug Deaths - Ages 15-24,CO,20.4
2022,Drug Deaths - Ages 15-24,CT,9
2022,Drug Deaths - Ages 15-24,DC,
2022,Drug Deaths - Ages 15-24,DE,18.5
2022,Drug Deaths - Ages 15-24,FL,12.9
2022,Drug Deaths - Ages 15-24,GA,13.3
2022,Drug Deaths - Ages 15-24,HI,
2022,Drug Deaths - Ages 15-24,IA,7.2
2022,Drug Deaths - Ages 15-24,ID,11.7
2022,Drug Deaths - Ages 15-24,IL,13.5
2022,Drug Deaths - Ages 15-24,IN,22.2
2022,Drug Deaths - Ages 15-24,KS,21.6
2022,Drug Deaths - Ages 15-24,KY,20.5
2022,Drug Deaths - Ages 15-24,LA,19.8
2022,Drug Deaths - Ages 15-24,MA,12.2
2022,Drug Deaths - Ages 15-24,MD,16.2
2022,Drug Deaths - Ages 15-24,ME,20.4
2022,Drug Deaths - Ages 15-24,MI,10.1
2022,Drug Deaths - Ages 15-24,MN,18.8
2022,Drug Deaths - Ages 15-24,MO,22.7
2022,Drug Deaths - Ages 15-24,MS,13.2
2022,Drug Deaths - Ages 15-24,MT,
2022,Drug Deaths - Ages 15-24,NC,21.9
2022,Drug Deaths - Ages 15-24,ND,23.5
2022,Drug Deaths - Ages 15-24,NE,8.9
2022,Drug Deaths - Ages 15-24,NH,12.4
2022,Drug Deaths - Ages 15-24,NJ,10.6
2022,Drug Deaths - Ages 15-24,NM,27.3
2022,Drug Deaths - Ages 15-24,NV,18
2022,Drug Deaths - Ages 15-24,NY,9.9
2022,Drug Deaths - Ages 15-24,OH,17.7
2022,Drug Deaths - Ages 15-24,OK,14.1
2022,Drug Deaths - Ages 15-24,OR,17
2022,Drug Deaths - Ages 15-24,PA,13.2
2022,Drug Deaths - Ages 15-24,RI,13.4
2022,Drug Deaths - Ages 15-24,SC,22
2022,Drug Deaths - Ages 15-24,SD,
2022,Drug Deaths - Ages 15-24,TN,26.6
2022,Drug Deaths - Ages 15-24,TX,12.6
2022,Drug Deaths - Ages 15-24,UT,7.3
2022,Drug Deaths - Ages 15-24,VA,14.1
2022,Drug Deaths - Ages 15-24,VT,
2022,Drug Deaths - Ages 15-24,WA,21.8
2022,Drug Deaths - Ages 15-24,WI,13.3
2022,Drug Deaths - Ages 15-24,WY,
2022,Drug Deaths - Ages 25-34,WV,119.3
2022,Drug Deaths - Ages 25-34,AK,53
2022,Drug Deaths - Ages 25-34,AL,54.6
2022,Drug Deaths - Ages 25-34,ALL,50.6
2022,Drug Deaths - Ages 25-34,AR,30.7
2022,Drug Deaths - Ages 25-34,AZ,60.2
2022,Drug Deaths - Ages 25-34,CA,41.1
2022,Drug Deaths - Ages 25-34,CO,47
2022,Drug Deaths - Ages 25-34,CT,58.2
2022,Drug Deaths - Ages 25-34,DC,31.6
2022,Drug Deaths - Ages 25-34,DE,85
2022,Drug Deaths - Ages 25-34,FL,56.4
2022,Drug Deaths - Ages 25-34,GA,41.9
2022,Drug Deaths - Ages 25-34,HI,18.4
2022,Drug Deaths - Ages 25-34,IA,26.6
2022,Drug Deaths - Ages 25-34,ID,38.2
2022,Drug Deaths - Ages 25-34,IL,43.3
2022,Drug Deaths - Ages 25-34,IN,71.3
2022,Drug Deaths - Ages 25-34,KS,40.9
2022,Drug Deaths - Ages 25-34,KY,77.6
2022,Drug Deaths - Ages 25-34,LA,82.2
2022,Drug Deaths - Ages 25-34,MA,47.5
2022,Drug Deaths - Ages 25-34,MD,59.9
2022,Drug Deaths - Ages 25-34,ME,83.8
2022,Drug Deaths - Ages 25-34,MI,47.9
2022,Drug Deaths - Ages 25-34,MN,43.3
2022,Drug Deaths - Ages 25-34,MO,62.9
2022,Drug Deaths - Ages 25-34,MS,40.9
2022,Drug Deaths - Ages 25-34,MT,38.8
2022,Drug Deaths - Ages 25-34,NC,77.8
2022,Drug Deaths - Ages 25-34,ND,39.3
2022,Drug Deaths - Ages 25-34,NE,22.6
2022,Drug Deaths - Ages 25-34,NH,63
2022,Drug Deaths - Ages 25-34,NJ,48.8
2022,Drug Deaths - Ages 25-34,NM,72.2
2022,Drug Deaths - Ages 25-34,NV,42.7
2022,Drug Deaths - Ages 25-34,NY,44.4
2022,Drug Deaths - Ages 25-34,OH,75.6
2022,Drug Deaths - Ages 25-34,OK,52.4
2022,Drug Deaths - Ages 25-34,OR,47.8
2022,Drug Deaths - Ages 25-34,PA,63.3
2022,Drug Deaths - Ages 25-34,RI,55.5
2022,Drug Deaths - Ages 25-34,SC,73
2022,Drug Deaths - Ages 25-34,SD,27.1
2022,Drug Deaths - Ages 25-34,TN,84.6
2022,Drug Deaths - Ages 25-34,TX,27.9
2022,Drug Deaths - Ages 25-34,UT,25.7
2022,Drug Deaths - Ages 25-34,VA,48.6
2022,Drug Deaths - Ages 25-34,VT,73.5
2022,Drug Deaths - Ages 25-34,WA,45.4
2022,Drug Deaths - Ages 25-34,WI,54.4
2022,Drug Deaths - Ages 25-34,WY,38.3
2022,Drug Deaths - Ages 35-44,WV,199.2
2022,Drug Deaths - Ages 35-44,AK,66.6
2022,Drug Deaths - Ages 35-44,AL,70.4
2022,Drug Deaths - Ages 35-44,ALL,63.1
2022,Drug Deaths - Ages 35-44,AR,47.9
2022,Drug Deaths - Ages 35-44,AZ,70.6
2022,Drug Deaths - Ages 35-44,CA,44.9
2022,Drug Deaths - Ages 35-44,CO,53.7
2022,Drug Deaths - Ages 35-44,CT,80
2022,Drug Deaths - Ages 35-44,DC,69.4
2022,Drug Deaths - Ages 35-44,DE,100.4
2022,Drug Deaths - Ages 35-44,FL,75.2
2022,Drug Deaths - Ages 35-44,GA,51.5
2022,Drug Deaths - Ages 35-44,HI,27.7
2022,Drug Deaths - Ages 35-44,IA,26.4
2022,Drug Deaths - Ages 35-44,ID,34.1
2022,Drug Deaths - Ages 35-44,IL,53.2
2022,Drug Deaths - Ages 35-44,IN,81.8
2022,Drug Deaths - Ages 35-44,KS,49.2
2022,Drug Deaths - Ages 35-44,KY,122.1
2022,Drug Deaths - Ages 35-44,LA,121.5
2022,Drug Deaths - Ages 35-44,MA,81.3
2022,Drug Deaths - Ages 35-44,MD,68.6
2022,Drug Deaths - Ages 35-44,ME,131.6
2022,Drug Deaths - Ages 35-44,MI,62.5
2022,Drug Deaths - Ages 35-44,MN,44
2022,Drug Deaths - Ages 35-44,MO,71.9
2022,Drug Deaths - Ages 35-44,MS,64.8
2022,Drug Deaths - Ages 35-44,MT,35.4
2022,Drug Deaths - Ages 35-44,NC,85.2
2022,Drug Deaths - Ages 35-44,ND,38.8
2022,Drug Deaths - Ages 35-44,NE,20.6
2022,Drug Deaths - Ages 35-44,NH,80.3
2022,Drug Deaths - Ages 35-44,NJ,58.1
2022,Drug Deaths - Ages 35-44,NM,97.4
2022,Drug Deaths - Ages 35-44,NV,53.4
2022,Drug Deaths - Ages 35-44,NY,59.2
2022,Drug Deaths - Ages 35-44,OH,96.9
2022,Drug Deaths - Ages 35-44,OK,53.3
2022,Drug Deaths - Ages 35-44,OR,54.6
2022,Drug Deaths - Ages 35-44,PA,85.2
2022,Drug Deaths - Ages 35-44,RI,69.6
2022,Drug Deaths - Ages 35-44,SC,89
2022,Drug Deaths - Ages 35-44,SD,
2022,Drug Deaths - Ages 35-44,TN,120.9
2022,Drug Deaths - Ages 35-44,TX,32.4
2022,Drug Deaths - Ages 35-44,UT,34.7
2022,Drug Deaths - Ages 35-44,VA,53.6
2022,Drug Deaths - Ages 35-44,VT,98.5
2022,Drug Deaths - Ages 35-44,WA,55.4
2022,Drug Deaths - Ages 35-44,WI,64.3
2022,Drug Deaths - Ages 35-44,WY,36.1
2022,Drug Deaths - Ages 45-54,WV,140.4
2022,Drug Deaths - Ages 45-54,AK,54.2
2022,Drug Deaths - Ages 45-54,AL,54.1
2022,Drug Deaths - Ages 45-54,ALL,55.3
2022,Drug Deaths - Ages 45-54,AR,38.2
2022,Drug Deaths - Ages 45-54,AZ,60.2
2022,Drug Deaths - Ages 45-54,CA,42.7
2022,Drug Deaths - Ages 45-54,CO,43.2
2022,Drug Deaths - Ages 45-54,CT,74.6
2022,Drug Deaths - Ages 45-54,DC,99.3
2022,Drug Deaths - Ages 45-54,DE,114.2
2022,Drug Deaths - Ages 45-54,FL,59.6
2022,Drug Deaths - Ages 45-54,GA,38.3
2022,Drug Deaths - Ages 45-54,HI,36.7
2022,Drug Deaths - Ages 45-54,IA,26.4
2022,Drug Deaths - Ages 45-54,ID,36.4
2022,Drug Deaths - Ages 45-54,IL,53.7
2022,Drug Deaths - Ages 45-54,IN,66
2022,Drug Deaths - Ages 45-54,KS,36.7
2022,Drug Deaths - Ages 45-54,KY,95.5
2022,Drug Deaths - Ages 45-54,LA,97.6
2022,Drug Deaths - Ages 45-54,MA,66.7
2022,Drug Deaths - Ages 45-54,MD,71.7
2022,Drug Deaths - Ages 45-54,ME,88
2022,Drug Deaths - Ages 45-54,MI,54.6
2022,Drug Deaths - Ages 45-54,MN,39
2022,Drug Deaths - Ages 45-54,MO,56.5
2022,Drug Deaths - Ages 45-54,MS,45.3
2022,Drug Deaths - Ages 45-54,MT,32.4
2022,Drug Deaths - Ages 45-54,NC,67.1
2022,Drug Deaths - Ages 45-54,ND,
2022,Drug Deaths - Ages 45-54,NE,15.1
2022,Drug Deaths - Ages 45-54,NH,59.1
2022,Drug Deaths - Ages 45-54,NJ,58.2
2022,Drug Deaths - Ages 45-54,NM,91.2
2022,Drug Deaths - Ages 45-54,NV,45.8
2022,Drug Deaths - Ages 45-54,NY,56.1
2022,Drug Deaths - Ages 45-54,OH,76.3
2022,Drug Deaths - Ages 45-54,OK,56
2022,Drug Deaths - Ages 45-54,OR,49.5
2022,Drug Deaths - Ages 45-54,PA,71.4
2022,Drug Deaths - Ages 45-54,RI,75.3
2022,Drug Deaths - Ages 45-54,SC,77.3
2022,Drug Deaths - Ages 45-54,SD,
2022,Drug Deaths - Ages 45-54,TN,98.7
2022,Drug Deaths - Ages 45-54,TX,27.9
2022,Drug Deaths - Ages 45-54,UT,40.6
2022,Drug Deaths - Ages 45-54,VA,50.3
2022,Drug Deaths - Ages 45-54,VT,91.2
2022,Drug Deaths - Ages 45-54,WA,57.9
2022,Drug Deaths - Ages 45-54,WI,54.1
2022,Drug Deaths - Ages 45-54,WY,32.2
2022,Drug Deaths - Ages 55-64,WV,98
2022,Drug Deaths - Ages 55-64,AK,50.4
2022,Drug Deaths - Ages 55-64,AL,30.8
2022,Drug Deaths - Ages 55-64,ALL,48.1
2022,Drug Deaths - Ages 55-64,AR,23
2022,Drug Deaths - Ages 55-64,AZ,54.8
2022,Drug Deaths - Ages 55-64,CA,47.5
2022,Drug Deaths - Ages 55-64,CO,45.5
2022,Drug Deaths - Ages 55-64,CT,66.5
2022,Drug Deaths - Ages 55-64,DC,256
2022,Drug Deaths - Ages 55-64,DE,80.8
2022,Drug Deaths - Ages 55-64,FL,46.2
2022,Drug Deaths - Ages 55-64,GA,30.6
2022,Drug Deaths - Ages 55-64,HI,52.6
2022,Drug Deaths - Ages 55-64,IA,22.9
2022,Drug Deaths - Ages 55-64,ID,23.9
2022,Drug Deaths - Ages 55-64,IL,54.1
2022,Drug Deaths - Ages 55-64,IN,51.8
2022,Drug Deaths - Ages 55-64,KS,37.2
2022,Drug Deaths - Ages 55-64,KY,60.9
2022,Drug Deaths - Ages 55-64,LA,66.8
2022,Drug Deaths - Ages 55-64,MA,60.5
2022,Drug Deaths - Ages 55-64,MD,74.8
2022,Drug Deaths - Ages 55-64,ME,58.7
2022,Drug Deaths - Ages 55-64,MI,40.4
2022,Drug Deaths - Ages 55-64,MN,32.9
2022,Drug Deaths - Ages 55-64,MO,42.2
2022,Drug Deaths - Ages 55-64,MS,30.4
2022,Drug Deaths - Ages 55-64,MT,17.3
2022,Drug Deaths - Ages 55-64,NC,45.7
2022,Drug Deaths - Ages 55-64,ND,
2022,Drug Deaths - Ages 55-64,NE,16.2
2022,Drug Deaths - Ages 55-64,NH,37.9
2022,Drug Deaths - Ages 55-64,NJ,52
2022,Drug Deaths - Ages 55-64,NM,70.9
2022,Drug Deaths - Ages 55-64,NV,50.8
2022,Drug Deaths - Ages 55-64,NY,56.1
2022,Drug Deaths - Ages 55-64,OH,58
2022,Drug Deaths - Ages 55-64,OK,42.7
2022,Drug Deaths - Ages 55-64,OR,51.3
2022,Drug Deaths - Ages 55-64,PA,59.8
2022,Drug Deaths - Ages 55-64,RI,58.5
2022,Drug Deaths - Ages 55-64,SC,56.3
2022,Drug Deaths - Ages 55-64,SD,
2022,Drug Deaths - Ages 55-64,TN,67.7
2022,Drug Deaths - Ages 55-64,TX,28.3
2022,Drug Deaths - Ages 55-64,UT,32.1
2022,Drug Deaths - Ages 55-64,VA,40.6
2022,Drug Deaths - Ages 55-64,VT,42.7
2022,Drug Deaths - Ages 55-64,WA,64.8
2022,Drug Deaths - Ages 55-64,WI,36.5
2022,Drug Deaths - Ages 55-64,WY,31.5
2022,Drug Deaths - Ages 65-74,WV,27.8
2022,Drug Deaths - Ages 65-74,AK,
2022,Drug Deaths - Ages 65-74,AL,10
2022,Drug Deaths - Ages 65-74,ALL,19
2022,Drug Deaths - Ages 65-74,AR,7.3
2022,Drug Deaths - Ages 65-74,AZ,17.5
2022,Drug Deaths - Ages 65-74,CA,25.3
2022,Drug Deaths - Ages 65-74,CO,19.3
2022,Drug Deaths - Ages 65-74,CT,28.4
2022,Drug Deaths - Ages 65-74,DC,148.1
2022,Drug Deaths - Ages 65-74,DE,32.2
2022,Drug Deaths - Ages 65-74,FL,15.5
2022,Drug Deaths - Ages 65-74,GA,12
2022,Drug Deaths - Ages 65-74,HI,19.7
2022,Drug Deaths - Ages 65-74,IA,7.1
2022,Drug Deaths - Ages 65-74,ID,13.5
2022,Drug Deaths - Ages 65-74,IL,20.9
2022,Drug Deaths - Ages 65-74,IN,17
2022,Drug Deaths - Ages 65-74,KS,17.6
2022,Drug Deaths - Ages 65-74,KY,19.1
2022,Drug Deaths - Ages 65-74,LA,20.2
2022,Drug Deaths - Ages 65-74,MA,20.1
2022,Drug Deaths - Ages 65-74,MD,31.1
2022,Drug Deaths - Ages 65-74,ME,18.4
2022,Drug Deaths - Ages 65-74,MI,19.3
2022,Drug Deaths - Ages 65-74,MN,10.4
2022,Drug Deaths - Ages 65-74,MO,19.7
2022,Drug Deaths - Ages 65-74,MS,10.6
2022,Drug Deaths - Ages 65-74,MT,
2022,Drug Deaths - Ages 65-74,NC,13.3
2022,Drug Deaths - Ages 65-74,ND,
2022,Drug Deaths - Ages 65-74,NE,
2022,Drug Deaths - Ages 65-74,NH,13.6
2022,Drug Deaths - Ages 65-74,NJ,19.5
2022,Drug Deaths - Ages 65-74,NM,28.9
2022,Drug Deaths - Ages 65-74,NV,30.4
2022,Drug Deaths - Ages 65-74,NY,23.4
2022,Drug Deaths - Ages 65-74,OH,20.8
2022,Drug Deaths - Ages 65-74,OK,19.8
2022,Drug Deaths - Ages 65-74,OR,24.5
2022,Drug Deaths - Ages 65-74,PA,18.2
2022,Drug Deaths - Ages 65-74,RI,27.6
2022,Drug Deaths - Ages 65-74,SC,23.2
2022,Drug Deaths - Ages 65-74,SD,
2022,Drug Deaths - Ages 65-74,TN,22.6
2022,Drug Deaths - Ages 65-74,TX,13.7
2022,Drug Deaths - Ages 65-74,UT,13.8
2022,Drug Deaths - Ages 65-74,VA,13.4
2022,Drug Deaths - Ages 65-74,VT,
2022,Drug Deaths - Ages 65-74,WA,22.6
2022,Drug Deaths - Ages 65-74,WI,15.3
2022,Drug Deaths - Ages 65-74,WY,
2022,Drug Deaths - American Indian/Alaska Native,WV,
2022,Drug Deaths - American Indian/Alaska Native,AK,73.3
2022,Drug Deaths - American Indian/Alaska Native,AL,
2022,Drug Deaths - American Indian/Alaska Native,ALL,63.7
2022,Drug Deaths - American Indian/Alaska Native,AR,
2022,Drug Deaths - American Indian/Alaska Native,AZ,63.1
2022,Drug Deaths - American Indian/Alaska Native,CA,71.8
2022,Drug Deaths - American Indian/Alaska Native,CO,81.5
2022,Drug Deaths - American Indian/Alaska Native,CT,
2022,Drug Deaths - American Indian/Alaska Native,DC,
2022,Drug Deaths - American Indian/Alaska Native,DE,
2022,Drug Deaths - American Indian/Alaska Native,FL,
2022,Drug Deaths - American Indian/Alaska Native,GA,
2022,Drug Deaths - American Indian/Alaska Native,HI,
2022,Drug Deaths - American Indian/Alaska Native,IA,
2022,Drug Deaths - American Indian/Alaska Native,ID,
2022,Drug Deaths - American Indian/Alaska Native,IL,
2022,Drug Deaths - American Indian/Alaska Native,IN,
2022,Drug Deaths - American Indian/Alaska Native,KS,
2022,Drug Deaths - American Indian/Alaska Native,KY,
2022,Drug Deaths - American Indian/Alaska Native,LA,
2022,Drug Deaths - American Indian/Alaska Native,MA,
2022,Drug Deaths - American Indian/Alaska Native,MD,
2022,Drug Deaths - American Indian/Alaska Native,ME,
2022,Drug Deaths - American Indian/Alaska Native,MI,
2022,Drug Deaths - American Indian/Alaska Native,MN,242
2022,Drug Deaths - American Indian/Alaska Native,MO,
2022,Drug Deaths - American Indian/Alaska Native,MS,
2022,Drug Deaths - American Indian/Alaska Native,MT,62.2
2022,Drug Deaths - American Indian/Alaska Native,NC,106.1
2022,Drug Deaths - American Indian/Alaska Native,ND,85
2022,Drug Deaths - American Indian/Alaska Native,NE,
2022,Drug Deaths - American Indian/Alaska Native,NH,
2022,Drug Deaths - American Indian/Alaska Native,NJ,
2022,Drug Deaths - American Indian/Alaska Native,NM,56.2
2022,Drug Deaths - American Indian/Alaska Native,NV,
2022,Drug Deaths - American Indian/Alaska Native,NY,50.6
2022,Drug Deaths - American Indian/Alaska Native,OH,
2022,Drug Deaths - American Indian/Alaska Native,OK,44.7
2022,Drug Deaths - American Indian/Alaska Native,OR,104.3
2022,Drug Deaths - American Indian/Alaska Native,PA,
2022,Drug Deaths - American Indian/Alaska Native,RI,
2022,Drug Deaths - American Indian/Alaska Native,SC,
2022,Drug Deaths - American Indian/Alaska Native,SD,37.1
2022,Drug Deaths - American Indian/Alaska Native,TN,
2022,Drug Deaths - American Indian/Alaska Native,TX,
2022,Drug Deaths - American Indian/Alaska Native,UT,
2022,Drug Deaths - American Indian/Alaska Native,VA,
2022,Drug Deaths - American Indian/Alaska Native,VT,
2022,Drug Deaths - American Indian/Alaska Native,WA,139.1
2022,Drug Deaths - American Indian/Alaska Native,WI,143.7
2022,Drug Deaths - American Indian/Alaska Native,WY,
2022,Drug Deaths - Asian,WV,
2022,Drug Deaths - Asian,AK,
2022,Drug Deaths - Asian,AL,
2022,Drug Deaths - Asian,ALL,5.6
2022,Drug Deaths - Asian,AR,
2022,Drug Deaths - Asian,AZ,9
2022,Drug Deaths - Asian,CA,6.5
2022,Drug Deaths - Asian,CO,
2022,Drug Deaths - Asian,CT,
2022,Drug Deaths - Asian,DC,
2022,Drug Deaths - Asian,DE,
2022,Drug Deaths - Asian,FL,4.9
2022,Drug Deaths - Asian,GA,4.1
2022,Drug Deaths - Asian,HI,8.1
2022,Drug Deaths - Asian,IA,
2022,Drug Deaths - Asian,ID,
2022,Drug Deaths - Asian,IL,4.2
2022,Drug Deaths - Asian,IN,
2022,Drug Deaths - Asian,KS,
2022,Drug Deaths - Asian,KY,
2022,Drug Deaths - Asian,LA,
2022,Drug Deaths - Asian,MA,4.2
2022,Drug Deaths - Asian,MD,6.1
2022,Drug Deaths - Asian,ME,
2022,Drug Deaths - Asian,MI,
2022,Drug Deaths - Asian,MN,6.5
2022,Drug Deaths - Asian,MO,
2022,Drug Deaths - Asian,MS,
2022,Drug Deaths - Asian,MT,
2022,Drug Deaths - Asian,NC,
2022,Drug Deaths - Asian,ND,
2022,Drug Deaths - Asian,NE,
2022,Drug Deaths - Asian,NH,
2022,Drug Deaths - Asian,NJ,3.9
2022,Drug Deaths - Asian,NM,
2022,Drug Deaths - Asian,NV,
2022,Drug Deaths - Asian,NY,5.2
2022,Drug Deaths - Asian,OH,
2022,Drug Deaths - Asian,OK,
2022,Drug Deaths - Asian,OR,
2022,Drug Deaths - Asian,PA,5.8
2022,Drug Deaths - Asian,RI,
2022,Drug Deaths - Asian,SC,
2022,Drug Deaths - Asian,SD,
2022,Drug Deaths - Asian,TN,
2022,Drug Deaths - Asian,TX,3.7
2022,Drug Deaths - Asian,UT,
2022,Drug Deaths - Asian,VA,3.4
2022,Drug Deaths - Asian,VT,
2022,Drug Deaths - Asian,WA,7.6
2022,Drug Deaths - Asian,WI,
2022,Drug Deaths - Asian,WY,
2022,Drug Deaths - Black,WV,137.6
2022,Drug Deaths - Black,AK,
2022,Drug Deaths - Black,AL,27.9
2022,Drug Deaths - Black,ALL,49.3
2022,Drug Deaths - Black,AR,21.2
2022,Drug Deaths - Black,AZ,52.6
2022,Drug Deaths - Black,CA,59.8
2022,Drug Deaths - Black,CO,51.8
2022,Drug Deaths - Black,CT,66.1
2022,Drug Deaths - Black,DC,136.6
2022,Drug Deaths - Black,DE,66
2022,Drug Deaths - Black,FL,28.1
2022,Drug Deaths - Black,GA,22
2022,Drug Deaths - Black,HI,
2022,Drug Deaths - Black,IA,38.7
2022,Drug Deaths - Black,ID,
2022,Drug Deaths - Black,IL,79
2022,Drug Deaths - Black,IN,65.6
2022,Drug Deaths - Black,KS,41.9
2022,Drug Deaths - Black,KY,69.8
2022,Drug Deaths - Black,LA,56.4
2022,Drug Deaths - Black,MA,58.7
2022,Drug Deaths - Black,MD,58.9
2022,Drug Deaths - Black,ME,
2022,Drug Deaths - Black,MI,59.3
2022,Drug Deaths - Black,MN,67.6
2022,Drug Deaths - Black,MO,80
2022,Drug Deaths - Black,MS,14.9
2022,Drug Deaths - Black,MT,
2022,Drug Deaths - Black,NC,44.2
2022,Drug Deaths - Black,ND,
2022,Drug Deaths - Black,NE,35.6
2022,Drug Deaths - Black,NH,
2022,Drug Deaths - Black,NJ,67.2
2022,Drug Deaths - Black,NM,76.9
2022,Drug Deaths - Black,NV,43.3
2022,Drug Deaths - Black,NY,55.3
2022,Drug Deaths - Black,OH,69.7
2022,Drug Deaths - Black,OK,41.2
2022,Drug Deaths - Black,OR,83.1
2022,Drug Deaths - Black,PA,79.9
2022,Drug Deaths - Black,RI,53.7
2022,Drug Deaths - Black,SC,36.3
2022,Drug Deaths - Black,SD,
2022,Drug Deaths - Black,TN,70.2
2022,Drug Deaths - Black,TX,25.1
2022,Drug Deaths - Black,UT,
2022,Drug Deaths - Black,VA,46.3
2022,Drug Deaths - Black,VT,
2022,Drug Deaths - Black,WA,75.7
2022,Drug Deaths - Black,WI,99
2022,Drug Deaths - Black,WY,
2022,Drug Deaths - Female,AK,25.9
2022,Drug Deaths - Female,AL,19.5
2022,Drug Deaths - Female,ALL,19.1
2022,Drug Deaths - Female,AR,17
2022,Drug Deaths - Female,AZ,20.6
2022,Drug Deaths - Female,CA,16.6
2022,Drug Deaths - Female,CO,19.7
2022,Drug Deaths - Female,CT,22.6
2022,Drug Deaths - Female,DC,40.3
2022,Drug Deaths - Female,DE,33.5
2022,Drug Deaths - Female,FL,24.5
2022,Drug Deaths - Female,GA,16.1
2022,Drug Deaths - Female,HI,7.7
2022,Drug Deaths - Female,IA,10.4
2022,Drug Deaths - Female,ID,16.9
2022,Drug Deaths - Female,IL,18.4
2022,Drug Deaths - Female,IN,27.3
2022,Drug Deaths - Female,KS,18.1
2022,Drug Deaths - Female,KY,34.8
2022,Drug Deaths - Female,LA,31
2022,Drug Deaths - Female,MA,21.1
2022,Drug Deaths - Female,MD,25.7
2022,Drug Deaths - Female,ME,27
2022,Drug Deaths - Female,MI,18.4
2022,Drug Deaths - Female,MN,15
2022,Drug Deaths - Female,MO,23.4
2022,Drug Deaths - Female,MS,15.9
2022,Drug Deaths - Female,MT,14.6
2022,Drug Deaths - Female,NC,26.7
2022,Drug Deaths - Female,ND,13.3
2022,Drug Deaths - Female,NE,10.4
2022,Drug Deaths - Female,NH,19.3
2022,Drug Deaths - Female,NJ,18.5
2022,Drug Deaths - Female,NM,28.9
2022,Drug Deaths - Female,NV,26.8
2022,Drug Deaths - Female,NY,17.3
2022,Drug Deaths - Female,OH,28.6
2022,Drug Deaths - Female,OK,20.4
2022,Drug Deaths - Female,OR,20.8
2022,Drug Deaths - Female,PA,25.5
2022,Drug Deaths - Female,RI,25.1
2022,Drug Deaths - Female,SC,29.1
2022,Drug Deaths - Female,SD,10.1
2022,Drug Deaths - Female,TN,35.2
2022,Drug Deaths - Female,TX,14.2
2022,Drug Deaths - Female,UT,15.9
2022,Drug Deaths - Female,VA,18.2
2022,Drug Deaths - Female,VT,31.2
2022,Drug Deaths - Female,WA,21.9
2022,Drug Deaths - Female,WI,19.6
2022,Drug Deaths - Female,WY,18.9
2022,Drug Deaths - Female,WV,44.4
2022,Drug Deaths - Hawaiian/Pacific Islander,WV,
2022,Drug Deaths - Hawaiian/Pacific Islander,AK,
2022,Drug Deaths - Hawaiian/Pacific Islander,AL,
2022,Drug Deaths - Hawaiian/Pacific Islander,ALL,19.7
2022,Drug Deaths - Hawaiian/Pacific Islander,AR,
2022,Drug Deaths - Hawaiian/Pacific Islander,AZ,
2022,Drug Deaths - Hawaiian/Pacific Islander,CA,26.7
2022,Drug Deaths - Hawaiian/Pacific Islander,CO,
2022,Drug Deaths - Hawaiian/Pacific Islander,CT,
2022,Drug Deaths - Hawaiian/Pacific Islander,DC,
2022,Drug Deaths - Hawaiian/Pacific Islander,DE,
2022,Drug Deaths - Hawaiian/Pacific Islander,FL,
2022,Drug Deaths - Hawaiian/Pacific Islander,GA,
2022,Drug Deaths - Hawaiian/Pacific Islander,HI,16
2022,Drug Deaths - Hawaiian/Pacific Islander,IA,
2022,Drug Deaths - Hawaiian/Pacific Islander,ID,
2022,Drug Deaths - Hawaiian/Pacific Islander,IL,
2022,Drug Deaths - Hawaiian/Pacific Islander,IN,
2022,Drug Deaths - Hawaiian/Pacific Islander,KS,
2022,Drug Deaths - Hawaiian/Pacific Islander,KY,
2022,Drug Deaths - Hawaiian/Pacific Islander,LA,
2022,Drug Deaths - Hawaiian/Pacific Islander,MA,
2022,Drug Deaths - Hawaiian/Pacific Islander,MD,
2022,Drug Deaths - Hawaiian/Pacific Islander,ME,
2022,Drug Deaths - Hawaiian/Pacific Islander,MI,
2022,Drug Deaths - Hawaiian/Pacific Islander,MN,
2022,Drug Deaths - Hawaiian/Pacific Islander,MO,
2022,Drug Deaths - Hawaiian/Pacific Islander,MS,
2022,Drug Deaths - Hawaiian/Pacific Islander,MT,
2022,Drug Deaths - Hawaiian/Pacific Islander,NC,
2022,Drug Deaths - Hawaiian/Pacific Islander,ND,
2022,Drug Deaths - Hawaiian/Pacific Islander,NE,
2022,Drug Deaths - Hawaiian/Pacific Islander,NH,
2022,Drug Deaths - Hawaiian/Pacific Islander,NJ,
2022,Drug Deaths - Hawaiian/Pacific Islander,NM,
2022,Drug Deaths - Hawaiian/Pacific Islander,NV,
2022,Drug Deaths - Hawaiian/Pacific Islander,NY,
2022,Drug Deaths - Hawaiian/Pacific Islander,OH,
2022,Drug Deaths - Hawaiian/Pacific Islander,OK,
2022,Drug Deaths - Hawaiian/Pacific Islander,OR,
2022,Drug Deaths - Hawaiian/Pacific Islander,PA,
2022,Drug Deaths - Hawaiian/Pacific Islander,RI,
2022,Drug Deaths - Hawaiian/Pacific Islander,SC,
2022,Drug Deaths - Hawaiian/Pacific Islander,SD,
2022,Drug Deaths - Hawaiian/Pacific Islander,TN,
2022,Drug Deaths - Hawaiian/Pacific Islander,TX,
2022,Drug Deaths - Hawaiian/Pacific Islander,UT,
2022,Drug Deaths - Hawaiian/Pacific Islander,VA,
2022,Drug Deaths - Hawaiian/Pacific Islander,VT,
2022,Drug Deaths - Hawaiian/Pacific Islander,WA,33.9
2022,Drug Deaths - Hawaiian/Pacific Islander,WI,
2022,Drug Deaths - Hawaiian/Pacific Islander,WY,
2022,Drug Deaths - Hispanic,WV,
2022,Drug Deaths - Hispanic,AK,
2022,Drug Deaths - Hispanic,AL,11.2
2022,Drug Deaths - Hispanic,ALL,22.2
2022,Drug Deaths - Hispanic,AR,
2022,Drug Deaths - Hispanic,AZ,32.1
2022,Drug Deaths - Hispanic,CA,21.9
2022,Drug Deaths - Hispanic,CO,36
2022,Drug Deaths - Hispanic,CT,45.8
2022,Drug Deaths - Hispanic,DC,
2022,Drug Deaths - Hispanic,DE,26.6
2022,Drug Deaths - Hispanic,FL,18
2022,Drug Deaths - Hispanic,GA,9.3
2022,Drug Deaths - Hispanic,HI,15.6
2022,Drug Deaths - Hispanic,IA,10.8
2022,Drug Deaths - Hispanic,ID,11.1
2022,Drug Deaths - Hispanic,IL,19.1
2022,Drug Deaths - Hispanic,IN,16.8
2022,Drug Deaths - Hispanic,KS,19.1
2022,Drug Deaths - Hispanic,KY,25.1
2022,Drug Deaths - Hispanic,LA,36.8
2022,Drug Deaths - Hispanic,MA,44.8
2022,Drug Deaths - Hispanic,MD,18.7
2022,Drug Deaths - Hispanic,ME,
2022,Drug Deaths - Hispanic,MI,27
2022,Drug Deaths - Hispanic,MN,24.6
2022,Drug Deaths - Hispanic,MO,17.1
2022,Drug Deaths - Hispanic,MS,
2022,Drug Deaths - Hispanic,MT,
2022,Drug Deaths - Hispanic,NC,18.7
2022,Drug Deaths - Hispanic,ND,
2022,Drug Deaths - Hispanic,NE,8.7
2022,Drug Deaths - Hispanic,NH,31.2
2022,Drug Deaths - Hispanic,NJ,26.4
2022,Drug Deaths - Hispanic,NM,51.3
2022,Drug Deaths - Hispanic,NV,17.6
2022,Drug Deaths - Hispanic,NY,35.2
2022,Drug Deaths - Hispanic,OH,32.8
2022,Drug Deaths - Hispanic,OK,15
2022,Drug Deaths - Hispanic,OR,19
2022,Drug Deaths - Hispanic,PA,40.6
2022,Drug Deaths - Hispanic,RI,41.2
2022,Drug Deaths - Hispanic,SC,19.5
2022,Drug Deaths - Hispanic,SD,
2022,Drug Deaths - Hispanic,TN,29.1
2022,Drug Deaths - Hispanic,TX,12.6
2022,Drug Deaths - Hispanic,UT,14.6
2022,Drug Deaths - Hispanic,VA,15.3
2022,Drug Deaths - Hispanic,VT,
2022,Drug Deaths - Hispanic,WA,26.3
2022,Drug Deaths - Hispanic,WI,32.8
2022,Drug Deaths - Hispanic,WY,
2022,Drug Deaths - Male,AK,43.8
2022,Drug Deaths - Male,AL,41.9
2022,Drug Deaths - Male,ALL,45.9
2022,Drug Deaths - Male,AR,26.1
2022,Drug Deaths - Male,AZ,54.1
2022,Drug Deaths - Male,CA,46.6
2022,Drug Deaths - Male,CO,38.4
2022,Drug Deaths - Male,CT,55.9
2022,Drug Deaths - Male,DC,111.1
2022,Drug Deaths - Male,DE,82.3
2022,Drug Deaths - Male,FL,55.8
2022,Drug Deaths - Male,GA,37.3
2022,Drug Deaths - Male,HI,29.1
2022,Drug Deaths - Male,IA,19.5
2022,Drug Deaths - Male,ID,25.5
2022,Drug Deaths - Male,IL,45.9
2022,Drug Deaths - Male,IN,55.3
2022,Drug Deaths - Male,KS,33.8
2022,Drug Deaths - Male,KY,68.3
2022,Drug Deaths - Male,LA,75.4
2022,Drug Deaths - Male,MA,51.6
2022,Drug Deaths - Male,MD,64.6
2022,Drug Deaths - Male,ME,74.5
2022,Drug Deaths - Male,MI,41
2022,Drug Deaths - Male,MN,33.3
2022,Drug Deaths - Male,MO,49.1
2022,Drug Deaths - Male,MS,37.6
2022,Drug Deaths - Male,MT,21.9
2022,Drug Deaths - Male,NC,59.8
2022,Drug Deaths - Male,ND,23.3
2022,Drug Deaths - Male,NE,13
2022,Drug Deaths - Male,NH,50.1
2022,Drug Deaths - Male,NJ,49.7
2022,Drug Deaths - Male,NM,60
2022,Drug Deaths - Male,NV,48.3
2022,Drug Deaths - Male,NY,45.1
2022,Drug Deaths - Male,OH,60.2
2022,Drug Deaths - Male,OK,42.9
2022,Drug Deaths - Male,OR,46.1
2022,Drug Deaths - Male,PA,53.9
2022,Drug Deaths - Male,RI,51.6
2022,Drug Deaths - Male,SC,61.5
2022,Drug Deaths - Male,SD,10.7
2022,Drug Deaths - Male,TN,77.2
2022,Drug Deaths - Male,TX,30
2022,Drug Deaths - Male,UT,22.5
2022,Drug Deaths - Male,VA,42.2
2022,Drug Deaths - Male,VT,53.1
2022,Drug Deaths - Male,WA,50.2
2022,Drug Deaths - Male,WI,40.8
2022,Drug Deaths - Male,WY,23.4
2022,Drug Deaths - Male,WV,107.4
2022,Drug Deaths - Multiracial,AK,61.8
2022,Drug Deaths - Multiracial,AL,
2022,Drug Deaths - Multiracial,ALL,17.7
2022,Drug Deaths - Multiracial,AR,
2022,Drug Deaths - Multiracial,AZ,42
2022,Drug Deaths - Multiracial,CA,25.5
2022,Drug Deaths - Multiracial,CO,16.1
2022,Drug Deaths - Multiracial,CT,
2022,Drug Deaths - Multiracial,DC,
2022,Drug Deaths - Multiracial,DE,
2022,Drug Deaths - Multiracial,FL,13
2022,Drug Deaths - Multiracial,GA,
2022,Drug Deaths - Multiracial,HI,30.2
2022,Drug Deaths - Multiracial,IA,
2022,Drug Deaths - Multiracial,ID,
2022,Drug Deaths - Multiracial,IL,8.8
2022,Drug Deaths - Multiracial,IN,
2022,Drug Deaths - Multiracial,KS,31.4
2022,Drug Deaths - Multiracial,KY,
2022,Drug Deaths - Multiracial,LA,
2022,Drug Deaths - Multiracial,MA,20.7
2022,Drug Deaths - Multiracial,MD,
2022,Drug Deaths - Multiracial,ME,
2022,Drug Deaths - Multiracial,MI,17.8
2022,Drug Deaths - Multiracial,MN,35.1
2022,Drug Deaths - Multiracial,MO,18.1
2022,Drug Deaths - Multiracial,MS,
2022,Drug Deaths - Multiracial,MT,
2022,Drug Deaths - Multiracial,NC,17.3
2022,Drug Deaths - Multiracial,ND,
2022,Drug Deaths - Multiracial,NE,
2022,Drug Deaths - Multiracial,NH,
2022,Drug Deaths - Multiracial,NJ,
2022,Drug Deaths - Multiracial,NM,
2022,Drug Deaths - Multiracial,NV,20.4
2022,Drug Deaths - Multiracial,NY,8.6
2022,Drug Deaths - Multiracial,OH,7.1
2022,Drug Deaths - Multiracial,OK,25.3
2022,Drug Deaths - Multiracial,OR,26.4
2022,Drug Deaths - Multiracial,PA,16.6
2022,Drug Deaths - Multiracial,RI,
2022,Drug Deaths - Multiracial,SC,
2022,Drug Deaths - Multiracial,SD,
2022,Drug Deaths - Multiracial,TN,15.6
2022,Drug Deaths - Multiracial,TX,
2022,Drug Deaths - Multiracial,UT,
2022,Drug Deaths - Multiracial,VA,10.1
2022,Drug Deaths - Multiracial,VT,
2022,Drug Deaths - Multiracial,WA,34.4
2022,Drug Deaths - Multiracial,WI,
2022,Drug Deaths - Multiracial,WV,
2022,Drug Deaths - Multiracial,WY,
2022,Drug Deaths - White,AK,27.6
2022,Drug Deaths - White,AL,32.8
2022,Drug Deaths - White,ALL,34.6
2022,Drug Deaths - White,AR,22.6
2022,Drug Deaths - White,AZ,35.8
2022,Drug Deaths - White,CA,38.3
2022,Drug Deaths - White,CO,28.9
2022,Drug Deaths - White,CT,37.6
2022,Drug Deaths - White,DC,13.9
2022,Drug Deaths - White,DE,59.6
2022,Drug Deaths - White,FL,46.4
2022,Drug Deaths - White,GA,32.2
2022,Drug Deaths - White,HI,25.8
2022,Drug Deaths - White,IA,14
2022,Drug Deaths - White,ID,20.8
2022,Drug Deaths - White,IL,24.4
2022,Drug Deaths - White,IN,40.2
2022,Drug Deaths - White,KS,25.1
2022,Drug Deaths - White,KY,51.6
2022,Drug Deaths - White,LA,53.3
2022,Drug Deaths - White,MA,37.4
2022,Drug Deaths - White,MD,43
2022,Drug Deaths - White,ME,50.4
2022,Drug Deaths - White,MI,25.7
2022,Drug Deaths - White,MN,18
2022,Drug Deaths - White,MO,31.2
2022,Drug Deaths - White,MS,35
2022,Drug Deaths - White,MT,15.9
2022,Drug Deaths - White,NC,44.4
2022,Drug Deaths - White,ND,14.4
2022,Drug Deaths - White,NE,10.4
2022,Drug Deaths - White,NH,35.4
2022,Drug Deaths - White,NJ,32.4
2022,Drug Deaths - White,NM,42.1
2022,Drug Deaths - White,NV,43.9
2022,Drug Deaths - White,NY,29.5
2022,Drug Deaths - White,OH,42.5
2022,Drug Deaths - White,OK,30.4
2022,Drug Deaths - White,OR,33.3
2022,Drug Deaths - White,PA,35.9
2022,Drug Deaths - White,RI,37.8
2022,Drug Deaths - White,SC,50.5
2022,Drug Deaths - White,SD,7.5
2022,Drug Deaths - White,TN,55
2022,Drug Deaths - White,TX,24.4
2022,Drug Deaths - White,UT,19.4
2022,Drug Deaths - White,VA,29.1
2022,Drug Deaths - White,VT,43.5
2022,Drug Deaths - White,WA,36.3
2022,Drug Deaths - White,WI,24.9
2022,Drug Deaths - White,WV,75.6
2022,Drug Deaths - White,WY,20.3